unique.ID,lat,lon,site,date,plant.capture,ClusterIndex,FamilyID,bee.tag,year,species
sra.260.2015,4371920.216661452,734790.6557547363,JM05,2015-06-27,In Flight,1,s,Y50,2015,vosnesenskii
sra.16.2015,4371596.786668727,734610.8969094842,JM06,2015-06-13,Penstemon rydbergii,2,2,G42,2015,vosnesenskii
sra.96.2015,4371629.904001605,735040.1672055533,JM04,2015-06-18,Phacelia hydrophylloides,2,2,G88,2015,vosnesenskii
sra.112.2015,4371399.952789127,734527.9737695372,JM01,2015-06-19,Penstemon rydbergii,2,2,Y8,2015,vosnesenskii
sra.127.2015,4371803.011407663,734581.9176700695,JM07,2015-06-22,Ivesia sericoleuca,2,2,Y22,2015,vosnesenskii
sra.283.2015,4371627.602009882,734502.0517278854,JMX,2015-06-29,Phacelia hydrophylloides,2,2,Y59,2015,vosnesenskii
sra.291.2015,4371386.797087366,734875.0291295719,JMY,2015-06-29,Phacelia hydrophylloides,2,2,Y66,2015,vosnesenskii
sra.107.2015,4371929.962724999,734767.6247198393,JM05,2015-06-19,Phacelia hydrophylloides,3,3,Y1,2015,vosnesenskii
sra.259.2015,4371920.118312857,734772.745784035,JM05,2015-06-27,Phacelia hydrophylloides,3,3,Y49,2015,vosnesenskii
sra.82.2015,4371449.788506518,734742.8122723497,JM02,2015-06-17,Penstemon rydbergii,4,4,G74,2015,vosnesenskii
sra.98.2015,4371600.801565148,735036.7436234453,JM04,2015-06-18,Phacelia hydrophylloides,4,4,G92,2015,vosnesenskii
sra.42.2015,4371483.82989878,734685.5416635704,JM02,2015-06-17,Penstemon rydbergii,5,5,G61,2015,vosnesenskii
sra.212.2015,4371658.619002005,735071.0757513854,JM04,2015-06-26,Phacelia hydrophylloides,5,5,Y45,2015,vosnesenskii
sra.15.2015,4371576.936469283,734615.8039510658,JM06,2015-06-13,Penstemon rydbergii,6,6,G40,2015,vosnesenskii
sra.89.2015,4371653.679752444,735062.096507868,JM04,2015-06-18,Phacelia hydrophylloides,6,6,G82,2015,vosnesenskii
sra.151.2015,4371657.180438981,734528.5436952217,JMX,2015-06-23,Phacelia hydrophylloides,6,6,Y24,2015,vosnesenskii
sra.12.2015,4371593.862576527,734620.7173541022,JM06,2015-06-13,Penstemon rydbergii,7,7,G37,2015,vosnesenskii
sra.28.2015,4371512.6179466415,734329.7512623251,JM10,2015-06-14,Penstemon rydbergii,7,7,G48,2015,vosnesenskii
sra.100.2015,4371610.335594734,735054.3682369867,JM04,2015-06-18,Phacelia hydrophylloides,7,7,G90,2015,vosnesenskii
sra.118.2015,4371350.065093773,734568.3264041767,JM01,2015-06-19,Penstemon rydbergii,7,7,Y13,2015,vosnesenskii
sra.124.2015,4371849.826624667,734579.5531416833,JM07,2015-06-22,Ivesia sericoleuca,7,7,Y19,2015,vosnesenskii
sra.148.2015,4371602.933007942,734472.5688776539,JMX,2015-06-23,Phacelia hydrophylloides,7,7,Y27,2015,vosnesenskii
sra.153.2015,4371564.129596142,734519.3885109078,JMX,2015-06-23,Ribes sp.,7,7,Y29,2015,vosnesenskii
sra.198.2015,4371641.724973914,735063.5787685483,JM04,2015-06-26,Phacelia hydrophylloides,7,7,no tag,2015,vosnesenskii
sra.292.2015,4371394.504662079,734865.4078632655,JMY,2015-06-29,Phacelia hydrophylloides,7,7,Y68,2015,vosnesenskii
sra.54.2015,4371358.852448484,734528.270175942,JM01,2015-06-11,Penstemon rydbergii,8,8,G6,2015,vosnesenskii
sra.85.2015,4371473.370278284,734677.676497019,JM02,2015-06-17,Penstemon rydbergii,8,8,G80,2015,vosnesenskii
sra.80b.2015,4371427.619024885,734850.8825259544,JMY,2015-06-29,Phacelia hydrophylloides,8,8,Y82,2015,vosnesenskii
sra.ind03.2015,4370667.916793704,732907.8291930316,IN,2015-06-12,Lupinus breweri,8,8,NA,2015,vosnesenskii
sra.ind11.2015,4370701.178104961,732879.6123353103,IN,2015-06-12,Penstemon rydbergii,8,8,NA,2015,vosnesenskii
sra.80.2015,4371442.02238105,734757.8611092742,JM02,2015-06-17,Penstemon rydbergii,10,10,G76,2015,vosnesenskii
sra.115.2015,4371405.867163359,734528.8283536759,JM01,2015-06-19,Penstemon rydbergii,10,10,Y10,2015,vosnesenskii
sra.150.2015,4371570.337714016,734485.8706323712,JMX,2015-06-23,Phacelia hydrophylloides,10,10,Y26,2015,vosnesenskii
sra.338.2015,4371901.061026467,734796.4895112135,JM05,2015-07-14,Monardella odoratissima,11,s,W29,2015,vosnesenskii
sra.11.2015,4371592.532823533,734657.5323919174,JM06,2015-06-13,Penstemon rydbergii,12,12,G35,2015,vosnesenskii
sra.53.2015,4371378.4388502855,734529.313788818,JM01,2015-06-11,Penstemon rydbergii,12,12,G7,2015,vosnesenskii
sra.278.2015,4371586.800106398,734475.4683288996,JMX,2015-06-29,Phacelia hydrophylloides,12,12,Y57,2015,vosnesenskii
sra.295.2015,4371407.109285233,734845.0446382699,JMY,2015-06-29,Phacelia hydrophylloides,12,12,Y72,2015,vosnesenskii
sra.284.2015,4371579.6020581685,734542.345786169,JMX,2015-06-29,Phacelia hydrophylloides,13,s,Y61,2015,vosnesenskii
sra.110.2015,4371333.428509964,734514.225746545,JM01,2015-06-19,Penstemon rydbergii,14,14,Y4,2015,vosnesenskii
sra.122.2015,4371819.415507538,734565.9192529129,JM07,2015-06-22,Penstemon rydbergii,14,14,Y16,2015,vosnesenskii
sra.93.2015,4371638.86485748,735086.4882412928,JM04,2015-06-18,Phacelia hydrophylloides,15,s,G84,2015,vosnesenskii
sra.215.2015,4371650.092470412,735057.3824496764,JM04,2015-06-26,Phacelia hydrophylloides,16,16,Y47,2015,vosnesenskii
sra.81b.2015,4371428.842822703,734850.9315520528,JMY,2015-06-29,Phacelia hydrophylloides,16,16,Y85,2015,vosnesenskii
sra.201.2015,4371628.633442951,735053.2103613579,JM04,2015-06-26,Phacelia hydrophylloides,17,s,no tag,2015,vosnesenskii
sra.57.2015,4371386.68532777,734522.7770198825,JM01,2015-06-11,Penstemon rydbergii,18,18,G8,2015,vosnesenskii
sra.113.2015,4371332.0028919205,734558.8823338851,JM01,2015-06-19,Penstemon rydbergii,18,18,Y7,2015,vosnesenskii
sra.213.2015,4371658.897706264,735072.962072188,JM04,2015-06-26,Phacelia hydrophylloides,19,19,Y43,2015,vosnesenskii
sra.317.2015,4371622.685609904,735036.5966222493,JM04,2015-07-12,Monardella odoratissima,19,19,W8,2015,vosnesenskii
sra.323.2015,4371592.957231299,735078.4933445984,JM04,2015-07-12,Monardella odoratissima,19,19,W11,2015,vosnesenskii
sra.324.2015,4371593.8692169115,735079.2407912296,JM04,2015-07-12,Monardella odoratissima,19,19,W14,2015,vosnesenskii
sra.93b.2015,4371660.399350041,735085.8350245693,JM04,2015-07-12,Monardella odoratissima,19,19,W4,2015,vosnesenskii
sra.199.2015,4371641.650976982,735064.7866975628,JM04,2015-06-26,Phacelia hydrophylloides,20,20,Y33,2015,vosnesenskii
sra.85b.2015,4371136.632607428,734696.8300998062,JM03,2015-07-11,Symphyotrichum sp.,20,20,Y90,2015,vosnesenskii
sra.391.2015,4371464.330412719,734753.3959346105,JM02,2015-07-22,Eurybia integrifolia,20,20,W53,2015,vosnesenskii
sra.78.2015,4371446.531545879,734745.3224793021,JM02,2015-06-17,Penstemon rydbergii,21,21,G71,2015,vosnesenskii
sra.94.2015,4371620.656946429,735094.275105068,JM04,2015-06-18,Phacelia hydrophylloides,21,21,G86,2015,vosnesenskii
sra.105.2015,4371607.867229033,735035.2373828127,JM04,2015-06-18,Phacelia hydrophylloides,21,21,G98,2015,vosnesenskii
sra.306.2015,4371165.419549351,734700.8678747283,JM03,2015-07-11,Symphyotrichum sp.,21,21,Y96,2015,vosnesenskii
sra.307.2015,4371179.08014334,734752.0450637776,JM03,2015-07-11,Eurybia integrifolia,21,21,Y98,2015,vosnesenskii
sra.sh22.2015,4368367.247714795,735522.9320303211,SH,2015-07-05,Symphyotrichum sp.,21,21,NA,2015,vosnesenskii
sra.sh30.2015,4368368.464668316,735541.0749294304,SH,2015-07-05,Symphyotrichum sp.,21,21,NA,2015,vosnesenskii
sra.92.2015,4371639.567504823,735080.3521655707,JM04,2015-06-18,Phacelia hydrophylloides,22,s,G83,2015,vosnesenskii
sra.97.2015,4371628.770024429,735043.0435452738,JM04,2015-06-18,Phacelia hydrophylloides,23,s,G93,2015,vosnesenskii
sra.102.2015,4371635.164743925,735078.0742944977,JM04,2015-06-18,Phacelia hydrophylloides,24,24,G94,2015,vosnesenskii
sra.325.2015,4371594.643516486,735086.4516737119,JM04,2015-07-12,Monardella odoratissima,24,24,W9,2015,vosnesenskii
sra.360.2015,4371581.696565416,735084.5190805197,JM04,2015-07-20,Monardella odoratissima,24,24,W46,2015,vosnesenskii
sra.375.2015,4371346.364909498,734556.2084928262,JM01,2015-07-20,Symphyotrichum sp.,24,24,W50,2015,vosnesenskii
sra.387.2015,4371363.643007527,734473.6073240056,JM01,2015-07-20,Symphyotrichum sp.,24,24,W51,2015,vosnesenskii
sra.334.2015,4371409.0195501475,734728.3722420713,JM02,2015-07-13,Symphyotrichum sp.,25,s,W25,2015,vosnesenskii
sra.25.2015,4371584.035313616,734339.9936533088,JM10,2015-06-14,Penstemon rydbergii,26,26,G44,2015,vosnesenskii
sra.90.2015,4371656.984421907,735072.1589280427,JM04,2015-06-18,Phacelia hydrophylloides,26,26,G87,2015,vosnesenskii
sra.282.2015,4371579.223305661,734537.1899194187,JMX,2015-06-29,Phacelia hydrophylloides,26,26,Y56,2015,vosnesenskii
sra.288.2015,4371715.239683354,734512.2319312806,JMX,2015-06-29,Phacelia hydrophylloides,26,26,Y63,2015,vosnesenskii
sra.125.2015,4371849.679474113,734571.0316917031,JM07,2015-06-22,Ivesia sericoleuca,27,s,Y20,2015,vosnesenskii
sra.219.2015,4371635.834552941,735063.4989811729,JM04,2015-06-26,Phacelia hydrophylloides,28,s,Y48,2015,vosnesenskii
sra.91.2015,4371658.712960956,735074.1733733186,JM04,2015-06-18,Phacelia hydrophylloides,29,29,G85,2015,vosnesenskii
sra.116.2015,4371412.398210466,734539.0519645591,JM01,2015-06-19,Penstemon rydbergii,29,29,Y11,2015,vosnesenskii
sra.ind15.2015,4370698.947930139,732879.3347757729,IN,2015-06-13,Penstemon rydbergii,29,29,NA,2015,vosnesenskii
sra.108.2015,4371905.757345823,734779.1231082635,JM05,2015-06-19,Phacelia hydrophylloides,30,30,Y3,2015,vosnesenskii
sra.sh16vos.2015,4368293.576998275,735621.4969006061,SH,2015-06-20,Penstemon rydbergii,30,30,NA,2015,vosnesenskii
sra.200.2015,4371641.310069674,735064.538705823,JM04,2015-06-26,Phacelia hydrophylloides,31,s,Y30,2015,vosnesenskii
sra.49.2015,4371457.049133643,734740.4393210604,JM02,2015-06-17,Penstemon rydbergii,32,32,G73,2015,vosnesenskii
sra.84.2015,4371461.241391813,734673.392962784,JM02,2015-06-17,Penstemon rydbergii,32,32,G77,2015,vosnesenskii
sra.210.2015,4371611.948214719,735081.8790047199,JM04,2015-06-26,Phacelia hydrophylloides,32,32,Y37,2015,vosnesenskii
sra.333.2015,4371441.001863669,734709.4894826555,JM02,2015-07-13,Symphyotrichum sp.,33,s,W24,2015,vosnesenskii
sra.197.2015,4371642.465471461,735062.3506399259,JM04,2015-06-26,Phacelia hydrophylloides,34,34,Y31,2015,vosnesenskii
sra.ind12.2015,4370694.353040853,732885.4158830517,IN,2015-06-12,Lupinus breweri,34,34,NA,2015,vosnesenskii
sra.106.2015,4371628.410242992,735042.1932922367,JM04,2015-06-18,Phacelia hydrophylloides,35,s,G99,2015,vosnesenskii
sra.149.2015,4371688.872666632,734503.7285971459,JMX,2015-06-23,Phacelia hydrophylloides,36,s,Y25,2015,vosnesenskii
sra.121.2015,4371374.947686797,734505.7348697614,JM01,2015-06-19,Penstemon rydbergii,37,s,Y14,2015,vosnesenskii
sra.329.2015,4371862.495435612,734535.5926863558,JM07,2015-07-13,Symphyotrichum sp.,38,38,W15,2015,vosnesenskii
sra.331.2015,4371851.763037647,734540.7402638396,JM07,2015-07-13,Symphyotrichum sp.,38,38,W21,2015,vosnesenskii
sra.342.2015,4371904.285139905,734811.2044058301,JM05,2015-07-14,Monardella odoratissima,38,38,W33,2015,vosnesenskii
sra.414.2015,4371859.253335723,734586.3297884299,JM07,2015-07-22,Unknown yellow composite,38,38,W69,2015,vosnesenskii
sra.415.2015,4371862.525148172,734587.9530277003,JM07,2015-07-22,Eurybia integrifolia,38,38,W70,2015,vosnesenskii
sra.104.2015,4371603.981056401,735071.957969238,JM04,2015-06-18,Phacelia hydrophylloides,39,s,G97,2015,vosnesenskii
sra.218.2015,4371640.872641406,735061.1069805187,JM04,2015-06-26,Phacelia hydrophylloides,40,40,Y41,2015,vosnesenskii
sra.319.2015,4371614.735801354,735056.5600949399,JM04,2015-07-12,Monardella odoratissima,40,40,W10,2015,vosnesenskii
sra.339.2015,4371931.758719195,734797.540073821,JM05,2015-07-14,Phacelia hydrophylloides,40,40,W30,2015,vosnesenskii
sra.358.2015,4371625.500764428,735041.5064759003,JM04,2015-07-20,Monardella odoratissima,40,40,W45,2015,vosnesenskii
sra.114.2015,4371328.876422357,734551.0533556088,JM01,2015-06-19,Penstemon rydbergii,41,s,Y5,2015,vosnesenskii
sra.304.2015,4371177.726482607,734703.6819435761,JM03,2015-07-11,Symphyotrichum sp.,42,42,T91,2015,vosnesenskii
sra.326.2015,4371331.080662755,734499.0524295846,JM01,2015-07-12,Symphyotrichum sp.,42,42,no tag,2015,vosnesenskii
sra.335.2015,4371453.187563112,734722.9866680767,JM02,2015-07-13,Symphyotrichum sp.,43,s,W26,2015,vosnesenskii
sra.269.2015,4371813.051040223,734564.9063576332,JM07,2015-06-27,Ivesia sericoleuca,44,44,no tag,2015,vosnesenskii
sra.322.2015,4371603.509058955,735074.7283617791,JM04,2015-07-12,Phacelia hydrophylloides,44,44,no tag,2015,vosnesenskii
sra.347.2015,4371914.655232943,734805.120231257,JM05,2015-07-14,Eriogonum nudum,44,44,W38,2015,vosnesenskii
sra.373.2015,4371382.315680632,734488.5451145174,JM01,2015-07-20,Symphyotrichum sp.,44,44,W48,2015,vosnesenskii
sra.409.2015,4371863.272562844,734575.9597162593,JM07,2015-07-22,Unknown yellow composite,44,44,W64,2015,vosnesenskii
sra.434.2015,4371913.7540976275,734812.0371416219,JM05,2015-07-24,Monardella odoratissima,44,44,no tag,2015,vosnesenskii
sra.435.2015,4371940.248996628,734806.4115573575,JM05,2015-07-24,Eriogonum nudum,44,44,W80,2015,vosnesenskii
sra.66.2015,4371361.78047451,734511.2147099209,JM01,2015-06-11,Penstemon rydbergii,45,45,G16,2015,vosnesenskii
sra.281.2015,4371559.233206904,734511.7854304404,JMX,2015-06-29,Phacelia hydrophylloides,45,45,Y54,2015,vosnesenskii
sra.214.2015,4371661.650560651,735075.806835687,JM04,2015-06-26,Phacelia hydrophylloides,46,s,Y46,2015,vosnesenskii
sra.206.2015,4371616.442913196,735057.8862652979,JM04,2015-06-26,Phacelia hydrophylloides,47,s,Y40,2015,vosnesenskii
sra.152.2015,4371653.893556746,734515.3802374224,JMX,2015-06-23,Phacelia hydrophylloides,48,s,Y23,2015,vosnesenskii
sra.35.2015,4371572.859048147,734348.8579065381,JM10,2015-06-14,Penstemon rydbergii,49,49,G54,2015,vosnesenskii
sra.196.2015,4371643.860158919,735057.0548043177,JM04,2015-06-26,Phacelia hydrophylloides,49,49,Y32,2015,vosnesenskii
sra.340.2015,4371928.800784871,734798.9214419933,JM05,2015-07-14,Monardella odoratissima,49,49,W31,2015,vosnesenskii
sra.120.2015,4371387.137668212,734504.6769663042,JM01,2015-06-19,Penstemon rydbergii,50,s,Y15,2015,vosnesenskii
sra.81.2015,4371446.18807954,734744.9883765097,JM02,2015-06-17,Penstemon rydbergii,51,51,G75,2015,vosnesenskii
sra.123.2015,4371819.381312919,734564.8008219065,JM07,2015-06-22,Ivesia sericoleuca,51,51,Y18,2015,vosnesenskii
sra.126.2015,4371850.064075542,734561.7190334128,JM07,2015-06-22,Ivesia sericoleuca,51,51,Y21,2015,vosnesenskii
sra.29.2015,4371512.734900965,734333.6233312236,JM10,2015-06-14,Penstemon rydbergii,52,52,G51,2015,vosnesenskii
sra.111.2015,4371403.112869348,734529.6007422213,JM01,2015-06-19,Penstemon rydbergii,52,52,Y9,2015,vosnesenskii
sra.103.2015,4371618.032414509,735073.68493861,JM04,2015-06-18,Phacelia hydrophylloides,53,s,G96,2015,vosnesenskii
sra.95.2015,4371630.202562852,735042.6556539459,JM04,2015-06-18,Phacelia hydrophylloides,54,s,G89,2015,vosnesenskii
sra.99.2015,4371609.91449326,735051.4527598956,JM04,2015-06-18,Phacelia hydrophylloides,55,55,G91,2015,vosnesenskii
sra.371.2015,4371590.842489632,735085.7058154645,JM04,2015-07-20,Monardella odoratissima,55,55,W47,2015,vosnesenskii
sra.71.2015,4371852.820930269,734561.0327238655,JM07,2015-06-12,Lupinus breweri,56,56,G20,2015,vosnesenskii
sra.87.2015,4371639.424560434,735046.3376998825,JM04,2015-06-18,Phacelia hydrophylloides,56,56,G81,2015,vosnesenskii
sra.327.2015,4371879.71560249,734542.9085267768,JM07,2015-07-13,Symphyotrichum sp.,57,57,W20,2015,vosnesenskii
sra.421.2015,4371511.294989311,734322.7291065927,JM10,2015-07-24,Valeriana californica,57,57,W72,2015,vosnesenskii
sra.23.2015,4371541.100518787,734375.138568239,JM10,2015-06-14,Penstemon rydbergii,58,58,G43,2015,vosnesenskii
sra.336.2015,4371584.604649275,734355.1340878466,JM10,2015-07-13,Unknown,58,58,W27,2015,vosnesenskii
sra.52.2015,4371407.049790664,734538.5247059566,JM01,2015-06-11,Penstemon rydbergii,59,59,G1,2015,vosnesenskii
sra.70.2015,4371853.859243061,734551.2696019954,JM07,2015-06-12,Penstemon rydbergii,59,59,G21,2015,vosnesenskii
sra.83.2015,4371459.242529966,734680.7742044644,JM02,2015-06-17,Penstemon rydbergii,59,59,G79,2015,vosnesenskii
sra.56.2015,4371388.4405695135,734503.6902054815,JM01,2015-06-11,Penstemon rydbergii,60,60,G5,2015,vosnesenskii
sra.280.2015,4371554.158767988,734505.6520019509,JMX,2015-06-29,Phacelia hydrophylloides,60,60,Y55,2015,vosnesenskii
sra.332.2015,4371432.652676127,734708.9673065294,JM02,2015-07-13,Symphyotrichum sp.,61,s,W22,2015,vosnesenskii
sra.217.2015,4371646.485821924,735055.6831730367,JM04,2015-06-26,Phacelia hydrophylloides,62,s,Y44,2015,vosnesenskii
sra.205.2015,4371630.626833617,735052.9776703655,JM04,2015-06-26,Phacelia hydrophylloides,63,s,Y38,2015,vosnesenskii
sra.189.2015,4371166.252528991,734676.9849352717,JM03,2015-06-24,Symphyotrichum sp.,64,s,NA,2015,vosnesenskii
sra.86.2015,4371474.455284632,734735.5196731101,JM02,2015-06-17,Penstemon rydbergii,65,s,G78,2015,vosnesenskii
sra.337.2015,4371550.508121627,734348.2418647174,JM10,2015-07-13,Ivesia sericoleuca,66,s,W28,2015,vosnesenskii
sra.75.2015,4371857.837096518,734561.5698438141,JM07,2015-06-12,Lupinus breweri,67,67,G24,2015,vosnesenskii
sra.203.2015,4371629.094620402,735042.7753880676,JM04,2015-06-26,Phacelia hydrophylloides,67,67,Y35,2015,vosnesenskii
sra.279.2015,4371583.053739364,734476.5291165181,JMX,2015-06-29,Phacelia hydrophylloides,67,67,Y53,2015,vosnesenskii
sra.75b.2015,4371431.562543799,734856.361239079,JMY,2015-06-29,Phacelia hydrophylloides,67,67,Y69,2015,vosnesenskii
sra.83b.2015,4371168.751226909,734678.8042499337,JM03,2015-07-11,Symphyotrichum sp.,67,67,Y87,2015,vosnesenskii
sra.84b.2015,4371148.362287801,734695.2691511355,JM03,2015-07-11,Symphyotrichum sp.,67,67,Y92,2015,vosnesenskii
sra.302.2015,4371168.563079292,734723.9411458113,JM03,2015-07-11,Eurybia integrifolia,67,67,Y94,2015,vosnesenskii
sra.349.2015,4371156.963105454,734729.8046661575,JM03,2015-07-18,Eurybia integrifolia,67,67,W39,2015,vosnesenskii
sra.ind16.2015,4370672.221116221,732873.5916755146,IN,2015-06-13,Penstemon rydbergii,67,67,NA,2015,vosnesenskii
sra.154.2015,4371584.8947424395,734537.3627574279,JMX,2015-06-23,Phacelia hydrophylloides,68,s,Y28,2015,vosnesenskii
sra.117.2015,4371408.964921576,734528.390065996,JM01,2015-06-19,Penstemon rydbergii,69,s,Y12,2015,vosnesenskii
sra.109.2015,4371933.185758437,734778.6365342883,JM05,2015-06-19,Phacelia hydrophylloides,70,70,Y2,2015,vosnesenskii
sra.390.2015,4371464.69068164,734750.6290704585,JM02,2015-07-22,Eurybia integrifolia,70,70,W52,2015,vosnesenskii
sra.411.2015,4371873.305251729,734569.7136740871,JM07,2015-07-22,Unknown yellow composite,70,70,W66,2015,vosnesenskii
sra.101.2015,4371657.803149154,735080.8325078842,JM04,2015-06-18,Phacelia hydrophylloides,71,s,G95,2015,vosnesenskii
sra.9.2015,4371608.511891922,734590.8196641712,JM06,2015-06-13,Penstemon rydbergii,72,72,G32,2015,vosnesenskii
sra.69.2015,4371392.716655093,734527.5037912664,JM01,2015-06-11,Penstemon rydbergii,72,72,G17,2015,vosnesenskii
sra.76.2015,4371467.455101027,734746.497338877,JM02,2015-06-17,Penstemon rydbergii,72,72,G70,2015,vosnesenskii
sra.sh29.2015,4368370.037430498,735548.9539203456,SH,2015-07-05,Symphyotrichum sp.,72,72,NA,2015,vosnesenskii
sra.sh34.2015,4368355.563672584,735551.6335284172,SH,2015-07-05,Symphyotrichum sp.,72,72,NA,2015,vosnesenskii
sra.ind01.2015,4370706.948923094,732838.6987677482,IN,2015-06-12,Penstemon rydbergii,73,s,NA,2015,vosnesenskii
sra.308.2015,4371162.954339525,734718.5126300184,JM03,2015-07-11,Symphyotrichum sp.,74,74,Y99,2015,vosnesenskii
sra.312.2015,4371612.581750843,735062.4818937756,JM04,2015-07-12,Monardella odoratissima,74,74,W7,2015,vosnesenskii
sra.95b.2015,4371647.628996225,735086.0501543652,JM04,2015-07-12,Monardella odoratissima,74,74,W3,2015,vosnesenskii
sra.68.2015,4371351.058568966,734476.3135376386,JM01,2015-06-11,Penstemon rydbergii,75,75,G18,2015,vosnesenskii
sra.286.2015,4371588.74066509,734535.9545790442,JMX,2015-06-29,Phacelia hydrophylloides,75,75,Y60,2015,vosnesenskii
sra.289.2015,4371393.933695507,734905.2153515316,JMY,2015-06-29,Phacelia hydrophylloides,76,s,Y70,2015,vosnesenskii
sra.sh24.2015,4368325.349636948,735584.7750379065,SH,2015-07-05,Symphyotrichum sp.,77,s,NA,2015,vosnesenskii
sra.285.2015,4371588.0726073645,734535.8886331603,JMX,2015-06-29,Phacelia hydrophylloides,78,s,Y62,2015,vosnesenskii
sra.sh01.2015,4368291.529073524,735535.7424035415,SH,2015-06-16,Penstemon rydbergii,79,79,NA,2015,vosnesenskii
sra.sh23.2015,4368350.684575907,735529.9830267385,SH,2015-07-05,Sidalcea sp.,79,79,NA,2015,vosnesenskii
sra.sh40.2015,4368371.299095212,735539.2656338465,SH,2015-07-05,Symphyotrichum sp.,79,79,NA,2015,vosnesenskii
sra.47.2015,4371449.627567903,734675.122660653,JM02,2015-06-17,Penstemon rydbergii,80,80,G66,2015,vosnesenskii
sra.294.2015,4371395.846776204,734862.0081606891,JMY,2015-06-29,Phacelia hydrophylloides,80,80,Y65,2015,vosnesenskii
sra.sh20vos.2015,4368289.213269753,735646.0992455109,SH,2015-06-20,Penstemon rydbergii,80,80,NA,2015,vosnesenskii
sra.41.2015,4371468.457527441,734695.2225386015,JM02,2015-06-17,Penstemon rydbergii,81,s,G62,2015,vosnesenskii
sra.313.2015,4371611.805485478,735062.5053322058,JM04,2015-07-12,Monardella odoratissima,82,82,W2,2015,vosnesenskii
sra.321.2015,4371594.501117252,735085.4225157116,JM04,2015-07-12,Monardella odoratissima,82,82,W13,2015,vosnesenskii
sra.401.2015,4371477.623343169,734755.7492446158,JM02,2015-07-22,Eurybia integrifolia,82,82,W59,2015,vosnesenskii
sra.sh33.2015,4368330.128527959,735581.1835818416,SH,2015-07-05,Symphyotrichum sp.,83,s,NA,2015,vosnesenskii
sra.74.2015,4371836.140683495,734575.2308712105,JM07,2015-06-12,Ivesia sericoleuca,84,84,G25,2015,vosnesenskii
sra.ind18.2015,4370700.006314766,732877.580337131,IN,2015-06-13,Penstemon rydbergii,84,84,NA,2015,vosnesenskii
sra.314.2015,4371629.647203326,735097.6194521597,JM04,2015-07-12,Monardella odoratissima,85,85,W6,2015,vosnesenskii
sra.90b.2015,4371639.112148807,735101.9831361808,JM04,2015-07-12,Monardella odoratissima,85,85,W1,2015,vosnesenskii
sra.299.2015,4371602.800077014,734640.6857705482,JM06,2015-07-11,Ivesia sericoleuca,86,86,Y86,2015,vosnesenskii
sra.345.2015,4371907.387659895,734792.5945868376,JM05,2015-07-14,Monardella odoratissima,86,86,W36,2015,vosnesenskii
sra.433.2015,4371914.755402838,734812.0929315225,JM05,2015-07-24,Monardella odoratissima,86,86,W79,2015,vosnesenskii
sra.ind05.2015,4370691.668752655,732888.5111039258,IN,2015-06-12,Penstemon rydbergii,87,87,NA,2015,vosnesenskii
sra.ind10.2015,4370701.825528044,732871.5827214383,IN,2015-06-12,Lupinus breweri,87,87,NA,2015,vosnesenskii
sra.ind02.2015,4370693.463214342,732852.1097589404,IN,2015-06-12,Penstemon rydbergii,88,s,NA,2015,vosnesenskii
sra.44.2015,4371474.015349931,734676.9680309049,JM02,2015-06-17,Penstemon rydbergii,89,89,G68,2015,vosnesenskii
sra.sh38.2015,4368352.953474073,735535.169959766,SH,2015-07-05,Symphyotrichum sp.,89,89,NA,2015,vosnesenskii
sra.sh39.2015,4368350.037932762,735534.3107036406,SH,2015-07-05,Symphyotrichum sp.,89,89,NA,2015,vosnesenskii
sra.43.2015,4371486.711273487,734685.2821384439,JM02,2015-06-17,Penstemon rydbergii,91,s,G64,2015,vosnesenskii
sra.300.2015,4371171.2504911795,734687.9442108368,JM03,2015-07-11,Symphyotrichum sp.,92,s,Y88,2015,vosnesenskii
sra.61.2015,4371404.508245953,734535.3288800338,JM01,2015-06-11,Penstemon rydbergii,93,93,G12,2015,vosnesenskii
sra.77.2015,4371447.9006795855,734739.166068891,JM02,2015-06-17,Penstemon rydbergii,93,93,G72,2015,vosnesenskii
sra.72b.2015,4371423.189951131,734862.385355348,JMY,2015-06-29,Phacelia hydrophylloides,93,93,Y78,2015,vosnesenskii
sra.ind13.2015,4370706.287051765,732879.5450063297,IN,2015-06-13,Lupinus breweri,94,s,NA,2015,vosnesenskii
sra.sh11.2015,4368299.70382521,735643.9711752939,SH,2015-06-16,Penstemon rydbergii,95,s,NA,2015,vosnesenskii
sra.296.2015,4371405.307736754,734844.2378864484,JMY,2015-06-29,Phacelia hydrophylloides,96,s,Y73,2015,vosnesenskii
sra.sh19.2015,4368286.8391342275,735648.4115053572,SH,2015-06-20,Penstemon rydbergii,97,s,NA,2015,vosnesenskii
sra.sh25.2015,4368364.837358217,735567.9809333761,SH,2015-07-05,Symphyotrichum sp.,98,s,NA,2015,vosnesenskii
sra.303.2015,4371183.474377968,734699.0291638637,JM03,2015-07-11,Symphyotrichum sp.,99,99,Y93,2015,vosnesenskii
sra.305.2015,4371181.126928474,734705.9044565214,JM03,2015-07-11,Symphyotrichum sp.,99,99,Y97,2015,vosnesenskii
sra.ind17.2015,4370689.83502039,732864.4493161612,IN,2015-06-13,Lupinus breweri,100,s,NA,2015,vosnesenskii
sra.6.2015,4371600.245413277,734618.7155726294,JM06,2015-06-13,Penstemon rydbergii,101,101,G33,2015,vosnesenskii
sra.sh28.2015,4368363.579976296,735559.4892228348,SH,2015-07-05,Symphyotrichum sp.,101,101,NA,2015,vosnesenskii
sra.sh37.2015,4368335.822083837,735563.7785116169,SH,2015-07-05,Sidalcea sp.,101,101,NA,2015,vosnesenskii
sra.ind07.2015,4370687.666742052,732888.4591512147,IN,2015-06-12,Lupinus breweri,102,102,NA,2015,vosnesenskii
sra.ind09.2015,4370712.876554174,732862.206893729,IN,2015-06-12,Lupinus breweri,102,102,NA,2015,vosnesenskii
sra.7.2015,4371600.228276288,734603.4722293089,JM06,2015-06-13,Penstemon rydbergii,103,103,G34,2015,vosnesenskii
sra.ind19.2015,4370688.912140274,732896.6042215377,IN,2015-06-13,Lupinus breweri,103,103,NA,2015,vosnesenskii
sra.sh18.2015,4368268.379619122,735534.4634844555,SH,2015-06-20,Penstemon rydbergii,104,s,NA,2015,vosnesenskii
sra.sh26.2015,4368387.495952346,735520.1632446137,SH,2015-07-05,Sidalcea sp.,106,s,NA,2015,vosnesenskii
sra.sh35.2015,4368353.61624995,735549.7109802004,SH,2015-07-05,Symphyotrichum sp.,107,s,NA,2015,vosnesenskii
sra.1.2015,4371641.68966904,734611.4322493287,JM06,2015-06-13,Penstemon rydbergii,108,108,G27,2015,vosnesenskii
sra.17.2015,4371595.210647885,734606.552307787,JM06,2015-06-13,Penstemon rydbergii,108,108,G41,2015,vosnesenskii
sra.48.2015,4371443.622493168,734682.280632633,JM02,2015-06-17,Penstemon rydbergii,108,108,G67,2015,vosnesenskii
sra.301.2015,4371179.995317266,734694.225239867,JM03,2015-07-11,Symphyotrichum sp.,109,s,Y89,2015,vosnesenskii
sra.290.2015,4371390.396044498,734876.4702798583,JMY,2015-06-29,Monardella odoratissima,110,s,Y64,2015,vosnesenskii
sra.318.2015,4371617.899206482,735043.6316765303,JM04,2015-07-12,Monardella odoratissima,111,s,W12,2015,vosnesenskii
sra.ind20.2015,4370667.90374418,732896.2879464725,IN,2015-06-13,Penstemon rydbergii,112,s,NA,2015,vosnesenskii
sra.79.2015,4371422.903677463,734713.5687829991,JM02,2015-06-17,Penstemon rydbergii,114,114,G69,2015,vosnesenskii
sra.sh10.2015,4368299.5885565905,735640.1836719257,SH,2015-06-16,Penstemon rydbergii,114,114,NA,2015,vosnesenskii
sra.sh31.2015,4368369.948815902,735531.379787882,SH,2015-07-05,Sidalcea sp.,115,s,NA,2015,vosnesenskii
sra.sh21.2015,4368330.567830631,735588.3215830419,SH,2015-07-05,Symphyotrichum sp.,116,s,NA,2015,vosnesenskii
sra.sh07.2015,4368294.625394463,735608.4546350938,SH,2015-06-16,Penstemon rydbergii,117,s,NA,2015,vosnesenskii
sra.sh04.2015,4368280.823926869,735560.1065114016,SH,2015-06-16,Penstemon rydbergii,118,s,NA,2015,vosnesenskii
sra.45.2015,4371461.075720341,734682.6134685477,JM02,2015-06-17,Penstemon rydbergii,119,s,G65,2015,vosnesenskii
sra.4.2015,4371637.8725045305,734595.4428367987,JM06,2015-06-13,Penstemon rydbergii,120,120,G29,2015,vosnesenskii
sra.sh05.2015,4368285.723944727,735538.5035093472,SH,2015-06-16,Penstemon rydbergii,120,120,NA,2015,vosnesenskii
sra.297.2015,4371399.066697347,734839.9485082915,JMY,2015-06-29,Monardella odoratissima,122,s,Y77,2015,vosnesenskii
sra.63.2015,4371349.434269088,734565.8478034888,JM01,2015-06-11,Penstemon rydbergii,123,123,G13,2015,vosnesenskii
sra.ind06.2015,4370689.990765239,732888.1308500553,IN,2015-06-12,Lupinus breweri,123,123,NA,2015,vosnesenskii
sra.sh02.2015,4368311.042962328,735570.9928999541,SH,2015-06-16,Penstemon rydbergii,124,s,NA,2015,vosnesenskii
sra.311.2015,4371620.772314918,735035.7933789457,JM04,2015-07-12,Monardella odoratissima,126,126,W5,2015,vosnesenskii
sra.354.2015,4371190.444573631,734727.4127226134,JM03,2015-07-18,Eurybia integrifolia,126,126,W43,2015,vosnesenskii
sra.293.2015,4371396.196826701,734858.8970388422,JMY,2015-06-29,Phacelia hydrophylloides,127,s,Y67,2015,vosnesenskii
sra.sh17vos.2015,4368297.586540182,735636.4533629261,SH,2015-06-20,Penstemon rydbergii,128,s,NA,2015,vosnesenskii
sra.sh15vos.2015,4368310.440945439,735598.75514252,SH,2015-06-20,Penstemon rydbergii,129,s,NA,2015,vosnesenskii
sra.sh14vos.2015,4368294.1309894845,735639.7462625266,SH,2015-06-20,Penstemon rydbergii,130,s,NA,2015,vosnesenskii
sra.sh12vos.2015,4368256.474990279,735647.3521409353,SH,2015-06-20,Penstemon rydbergii,131,s,NA,2015,vosnesenskii
sra.50.2015,4371382.147483536,734527.0485138651,JM01,2015-06-11,Penstemon rydbergii,132,132,G3,2015,vosnesenskii
sra.62.2015,4371399.823205119,734556.7437642004,JM01,2015-06-11,Penstemon rydbergii,132,132,G15,2015,vosnesenskii
sra.sh13vos.2015,4368250.986389546,735638.5579422481,SH,2015-06-20,Penstemon rydbergii,132,132,NA,2015,vosnesenskii
sra.73b.2015,4371429.666652181,734859.7775032468,JMY,2015-06-29,Phacelia hydrophylloides,133,s,Y75,2015,vosnesenskii
sra.8.2015,4371640.67633073,734596.3052358562,JM06,2015-06-13,Penstemon rydbergii,134,s,G30,2015,vosnesenskii
sra.51.2015,4371387.519871707,734528.3500545141,JM01,2015-06-11,Penstemon rydbergii,135,s,G2,2015,vosnesenskii
sra.99b.2015,4371852.076669177,734529.1045426392,JM07,2015-07-13,Symphyotrichum sp.,136,s,W17,2015,vosnesenskii
sra.22.2015,4371525.701210564,734361.9105895011,JM10,2015-06-14,Penstemon rydbergii,137,s,G45,2015,vosnesenskii
sra.30.2015,4371535.608440902,734336.8072629458,JM10,2015-06-14,Penstemon rydbergii,138,s,G49,2015,vosnesenskii
sra.38.2015,4371531.596592638,734358.4595442922,JM10,2015-06-14,Penstemon rydbergii,139,139,G59,2015,vosnesenskii
sra.sh08.2015,4368295.7253254205,735637.3714923077,SH,2015-06-16,Penstemon rydbergii,139,139,NA,2015,vosnesenskii
sra.78b.2015,4371436.874507939,734844.6594441987,JMY,2015-06-29,Phacelia hydrophylloides,140,140,Y71,2015,vosnesenskii
sra.341.2015,4371883.2997021945,734804.3479638845,JM05,2015-07-14,Phacelia hydrophylloides,140,140,W32,2015,vosnesenskii
sra.21.2015,4371539.840882026,734344.5166196816,JM10,2015-06-14,Penstemon rydbergii,141,141,G46,2015,vosnesenskii
sra.32.2015,4371530.081806698,734352.476803151,JM10,2015-06-14,Penstemon rydbergii,141,141,G53,2015,vosnesenskii
sra.60.2015,4371372.415199969,734524.845250674,JM01,2015-06-11,Penstemon rydbergii,141,141,G9,2015,vosnesenskii
sra.70b.2015,4371630.274008951,734520.5733877968,JMX,2015-06-29,Phacelia hydrophylloides,141,141,Y51,2015,vosnesenskii
sra.86b.2015,4371198.132409572,734698.7575905106,JM03,2015-07-11,Symphyotrichum sp.,142,s,Y95,2015,vosnesenskii
sra.100b.2015,4371440.122694219,734687.8125942111,JM02,2015-07-13,Symphyotrichum sp.,143,s,W23,2015,vosnesenskii
sra.26.2015,4371514.154913934,734321.7813163828,JM10,2015-06-14,Penstemon rydbergii,144,s,G50,2015,vosnesenskii
sra.34.2015,4371574.16075021,734340.4645694166,JM10,2015-06-14,Penstemon rydbergii,145,s,G55,2015,vosnesenskii
sra.343.2015,4371909.242034878,734806.145437042,JM05,2015-07-14,Monardella odoratissima,146,146,W34,2015,vosnesenskii
sra.410.2015,4371856.015605499,734582.1217011214,JM07,2015-07-22,Unknown yellow composite,146,146,W65,2015,vosnesenskii
sra.427.2015,4371925.1676126225,734796.361904449,JM05,2015-07-24,Eriogonum nudum,146,146,W76,2015,vosnesenskii
sra.74b.2015,4371431.575318744,734856.7915040273,JMY,2015-06-29,Phacelia hydrophylloides,147,s,Y74,2015,vosnesenskii
sra.65.2015,4371332.270547544,734486.9587217919,JM01,2015-06-11,Penstemon rydbergii,148,s,G14,2015,vosnesenskii
sra.73.2015,4371859.706694567,734571.9338077523,JM07,2015-06-12,Lupinus breweri,149,s,G23,2015,vosnesenskii
sra.82b.2015,4371405.742594219,734847.5835795416,JMY,2015-06-29,Phacelia hydrophylloides,150,s,Y84,2015,vosnesenskii
sra.98b.2015,4371873.472467422,734516.4861517723,JM07,2015-07-13,Symphyotrichum sp.,151,s,W18,2015,vosnesenskii
sra.31.2015,4371530.280310645,734351.6956519907,JM10,2015-06-14,Penstemon rydbergii,152,152,G52,2015,vosnesenskii
sra.413.2015,4371835.945093252,734568.7777631892,JM07,2015-07-22,Unknown,152,152,W68,2015,vosnesenskii
sra.2.2015,4371642.877691508,734610.276591972,JM06,2015-06-13,Penstemon rydbergii,153,s,G28,2015,vosnesenskii
sra.39.2015,4371526.286509667,734359.2229869757,JM10,2015-06-14,Penstemon rydbergii,154,s,G60,2015,vosnesenskii
sra.10.2015,4371599.426945389,734599.0180442929,JM06,2015-06-13,Penstemon rydbergii,155,s,G31,2015,vosnesenskii
sra.67.2015,4371363.348401357,734493.2529750708,JM01,2015-06-11,Penstemon rydbergii,156,s,G19,2015,vosnesenskii
sra.18.2015,4371599.952125951,734601.6719442378,JM06,2015-06-13,Penstemon rydbergii,157,s,G38,2015,vosnesenskii
sra.79b.2015,4371428.514693542,734851.1138250366,JMY,2015-06-29,Phacelia hydrophylloides,158,s,Y81,2015,vosnesenskii
sra.97b.2015,4371885.680363018,734516.0305775284,JM07,2015-07-13,Symphyotrichum sp.,159,159,W16,2015,vosnesenskii
sra.407.2015,4371864.730527666,734572.7290647656,JM07,2015-07-22,Unknown yellow composite,159,159,W63,2015,vosnesenskii
sra.418.2015,4371845.3007053975,734569.5279617376,JM07,2015-07-22,Unknown,159,159,W71,2015,vosnesenskii
sra.431.2015,4371924.821950421,734788.6215685742,JM05,2015-07-24,Eriogonum nudum,159,159,W78,2015,vosnesenskii
sra.58.2015,4371396.979956333,734550.8870314895,JM01,2015-06-11,Penstemon rydbergii,160,s,G10,2015,vosnesenskii
sra.59.2015,4371387.718029945,734564.2585368217,JM01,2015-06-11,Penstemon rydbergii,161,s,G11,2015,vosnesenskii
sra.3.2015,4371641.414267843,734594.9911077718,JM06,2015-06-13,Penstemon rydbergii,162,s,G26,2015,vosnesenskii
sra.36.2015,4371557.733029297,734374.0327009766,JM10,2015-06-14,Penstemon rydbergii,163,s,G57,2015,vosnesenskii
sra.24.2015,4371553.57795904,734379.9286527403,JM10,2015-06-14,Penstemon rydbergii,164,s,G47,2015,vosnesenskii
sra.76b.2015,4371429.694069946,734849.7000631553,JMY,2015-06-29,Phacelia hydrophylloides,165,s,Y79,2015,vosnesenskii
sra.55.2015,4371359.790252005,734518.853919921,JM01,2015-06-11,Penstemon rydbergii,166,s,G4,2015,vosnesenskii
sra.37.2015,4371537.086318803,734356.3127972201,JM10,2015-06-14,Penstemon rydbergii,167,s,G56,2015,vosnesenskii
sra.346.2015,4371913.219415482,734794.3987262323,JM05,2015-07-14,Monardella odoratissima,168,s,W37,2015,vosnesenskii
sra.77b.2015,4371429.410735452,734844.0243102382,JMY,2015-06-29,Phacelia hydrophylloides,169,s,Y80,2015,vosnesenskii
sra.72.2015,4371860.671247055,734570.7851537003,JM07,2015-06-12,Lupinus breweri,170,s,G22,2015,vosnesenskii
sra.395.2015,4371405.747735986,734726.7488618168,JM02,2015-07-22,Symphyotrichum sp.,171,s,W56,2015,vosnesenskii
sra.397.2015,4371435.919794769,734732.4667810232,JM02,2015-07-22,Symphyotrichum sp.,172,s,W58,2015,vosnesenskii
sra.351.2015,4371162.933600101,734728.8487920272,JM03,2015-07-18,Valeriana californica,173,173,W41,2015,vosnesenskii
sra.352.2015,4371202.827296003,734714.3768701679,JM03,2015-07-18,Valeriana californica,173,173,W42,2015,vosnesenskii
sra.404.2015,4371871.848354764,734506.889835701,JM07,2015-07-22,Symphyotrichum sp.,173,173,W62,2015,vosnesenskii
sra.428.2015,4371905.455139867,734798.509426354,JM05,2015-07-24,Eriogonum nudum,174,s,W77,2015,vosnesenskii
sra.374.2015,4371345.483006282,734556.4073236377,JM01,2015-07-20,Symphyotrichum sp.,175,s,W49,2015,vosnesenskii
sra.394.2015,4371465.574645686,734754.1333616241,JM02,2015-07-22,Eurybia integrifolia,176,s,W55,2015,vosnesenskii
sra.402.2015,4371470.296172557,734744.9471899532,JM02,2015-07-22,Valeriana californica,177,s,W60,2015,vosnesenskii
sra.396.2015,4371404.795263239,734717.3038249996,JM02,2015-07-22,Symphyotrichum sp.,178,s,W57,2015,vosnesenskii
sra.412.2015,4371864.278861966,734572.4843523614,JM07,2015-07-22,Unknown yellow composite,179,s,W67,2015,vosnesenskii
sra.96b.2015,4371331.321320261,734488.6237311761,JM01,2015-07-12,Symphyotrichum sp.,180,s,NA,2015,vosnesenskii
sra.393.2015,4371462.2073155595,734749.3262433067,JM02,2015-07-22,Eurybia integrifolia,181,s,W54,2015,vosnesenskii
sra.425.2015,4371531.30923557,734356.3151557145,JM10,2015-07-24,Symphyotrichum sp.,182,s,W74,2015,vosnesenskii
sra.426.2015,4371508.0325721735,734306.7225217698,JM10,2015-07-24,Valeriana californica,183,s,W75,2015,vosnesenskii
sra.rm01.2015,4371690.641840684,732371.5731096109,RM,2015-06-22,Penstemon rydbergii,184,s,NA,2015,vosnesenskii
sra.438.2015,4371930.146663621,734803.0144992357,JM05,2015-07-24,Eriogonum nudum,185,s,W81,2015,vosnesenskii
sra.40.2015,4371575.859545579,734359.8769871244,JM10,2015-06-14,Penstemon rydbergii,987,s,G58,2015,vosnesenskii
sra.46.2015,4371460.35714075,734680.9127456648,JM02,2015-06-17,Penstemon rydbergii,988,s,G63,2015,vosnesenskii
sra.403.2015,4371468.82287042,734747.6617565578,JM02,2015-07-22,Eurybia integrifolia,989,s,W61,2015,vosnesenskii
sra.sh06.2015,4368314.857367941,735520.9899031846,SH,2015-06-16,Penstemon rydbergii,990,s,NA,2015,vosnesenskii
sra.422.2015,4371515.8264619,734329.3097920389,JM10,2015-07-24,Valeriana californica,991,s,W73,2015,vosnesenskii
sra.sh27.2015,4368355.730264008,735575.4088404506,SH,2015-07-05,Symphyotrichum sp.,992,s,NA,2015,vosnesenskii
sra.350.2015,4371159.340822005,734731.2830061024,JM03,2015-07-18,Eurybia integrifolia,993,s,W40,2015,vosnesenskii
sra.sh03.2015,4368288.678710822,735624.8336082569,SH,2015-06-16,Penstemon rydbergii,994,s,NA,2015,vosnesenskii
sra.sh09vos.2015,4368298.839394862,735637.449208731,SH,2015-06-16,Penstemon rydbergii,995,s,NA,2015,vosnesenskii
sra.ind04.2015,4370673.327338217,732906.7192558383,IN,2015-06-12,Penstemon rydbergii,996,s,NA,2015,vosnesenskii
sra.sh36.2015,4368353.407518153,735550.1481717349,SH,2015-07-05,Symphyotrichum sp.,997,s,NA,2015,vosnesenskii
sra.344.2015,4371913.663043215,734801.705425848,JM05,2015-07-14,Monardella odoratissima,998,s,W35,2015,vosnesenskii
sra.330.2015,4371862.134187213,734538.359477716,JM07,2015-07-13,Symphyotrichum sp.,999,s,W19,2015,vosnesenskii
sra.178.2015,4408860.357,-298359.5847,JM03,2015-06-24,Symphyotrichum sp.,1,s,NA,2015,bifarius
sra.sh18bif.2015,4405912.212,-297842.0175,SH,2015-07-05,Symphyotrichum sp.,2,s,NA,2015,bifarius
sra.sh03bif.2015,4405914.446,-297832.1066,SH,2015-07-03,Symphyotrichum sp.,3,3,NA,2015,bifarius
sra.sh08bif.2015,4405911.047,-297843.795,SH,2015-07-04,Symphyotrichum sp.,3,3,NA,2015,bifarius
sra.sh14bif.2015,4405915.794,-297840.7744,SH,2015-07-05,Symphyotrichum sp.,4,s,NA,2015,bifarius
sra.163.2015,4409099.394,-298300.6986,JM02,2015-06-24,Symphyotrichum sp.,5,s,NA,2015,bifarius
sra.134.2015,4409336.642,-298347.0353,JM06,2015-06-23,Ivesia sericoleuca,6,s,NA,2015,bifarius
sra.sh04bif.2015,4405917.565,-297828.5571,SH,2015-07-03,Symphyotrichum sp.,7,s,NA,2015,bifarius
sra.183.2015,4408889.114,-298299.6776,JM03,2015-06-24,Arnica parryi,8,8,NA,2015,bifarius
sra.193.2015,4408897.159,-298304.5963,JM03,2015-06-24,Arnica parryi,8,8,NA,2015,bifarius
sra.ind14bif.2015,4408641.953,-300248.5649,IN,2015-07-06,NA,9,s,NA,2015,bifarius
sra.147.2015,4409301.605,-298365.9255,JM06,2015-06-23,Ivesia sericoleuca,10,s,NA,2015,bifarius
sra.sh11bif.2015,4405917.856,-297863.931,SH,2015-07-05,Symphyotrichum sp.,11,s,NA,2015,bifarius
sra.ind04bif.2015,4408649.81,-300284.1029,IN,2015-07-06,NA,12,s,NA,2015,bifarius
sra.sh19bif.2015,4405912.729,-297842.6616,SH,2015-07-05,Symphyotrichum sp.,13,s,NA,2015,bifarius
sra.sh13bif.2015,4405914.939,-297839.0317,SH,2015-07-05,Symphyotrichum sp.,14,s,NA,2015,bifarius
sra.187.2015,4408879.844,-298372.9051,JM03,2015-06-24,Symphyotrichum sp.,15,s,NA,2015,bifarius
sra.138.2015,4409289.297,-298376.2683,JM06,2015-06-23,Ivesia sericoleuca,16,s,NA,2015,bifarius
sra.161.2015,4409139.326,-298296.4681,JM02,2015-06-24,Symphyotrichum sp.,17,17,NA,2015,bifarius
sra.167.2015,4409099.721,-298297.3521,JM02,2015-06-24,Symphyotrichum sp.,17,17,NA,2015,bifarius
sra.168.2015,4409109.191,-298295.4107,JM02,2015-06-24,Symphyotrichum sp.,18,s,NA,2015,bifarius
sra.188.2015,4408877.251,-298375.0048,JM03,2015-06-24,Symphyotrichum sp.,19,s,NA,2015,bifarius
sra.164.2015,4409100.504,-298288.6411,JM02,2015-06-24,Symphyotrichum sp.,20,s,NA,2015,bifarius
sra.sh01bif.2015,4405913.233,-297836.6795,SH,2015-07-03,Symphyotrichum sp.,21,s,NA,2015,bifarius
sra.ind11bif.2015,4408636.618,-300261.0637,IN,2015-07-06,NA,22,s,NA,2015,bifarius
sra.ind01bif.2015,4408655.503,-300272.8746,IN,2015-07-06,NA,23,s,NA,2015,bifarius
sra.194.2015,4408870.041,-298374.8811,JM03,2015-06-24,Symphyotrichum sp.,25,s,NA,2015,bifarius
sra.sh05bif.2015,4405969.861,-297920.8925,SH,2015-07-03,Symphyotrichum sp.,26,26,NA,2015,bifarius
sra.sh12bif.2015,4405941.031,-297879.232,SH,2015-07-05,Symphyotrichum sp.,26,26,NA,2015,bifarius
sra.sh17bif.2015,4405913.727,-297877.2646,SH,2015-07-05,Symphyotrichum sp.,27,s,NA,2015,bifarius
sra.157.2015,4409128.905,-298259.9794,JM02,2015-06-24,Penstemon rydbergii,28,s,NA,2015,bifarius
sra.248.2015,4409324.88,-298647.5906,JM10,2015-06-26,Ivesia sericoleuca,29,s,NA,2015,bifarius
sra.sh07bif.2015,4405920.626,-297868.9633,SH,2015-07-04,Symphyotrichum sp.,30,30,NA,2015,bifarius
sra.sh15bif.2015,4405913.673,-297845.267,SH,2015-07-05,Symphyotrichum sp.,30,30,NA,2015,bifarius
sra.131.2015,4409310.335,-298338.4335,JM06,2015-06-23,Arnica sp.,31,s,NA,2015,bifarius
sra.162.2015,4409101.264,-298301.3763,JM02,2015-06-24,Symphyotrichum sp.,32,32,NA,2015,bifarius
sra.209.2015,4409274.244,-297905.9951,JM04,2015-06-26,Phacelia hydrophylloides,32,32,NA,2015,bifarius
sra.ind15bif.2015,4408643.253,-300248.0811,IN,2015-07-06,NA,33,s,NA,2015,bifarius
sra.ind05bif.2015,4408641.639,-300267.1675,IN,2015-07-06,NA,34,s,NA,2015,bifarius
sra.169.2015,4409112.72,-298295.8291,JM02,2015-06-24,Symphyotrichum sp.,35,s,NA,2015,bifarius
sra.236.2015,4409278.739,-297915.7273,JM04,2015-06-26,Phacelia hydrophylloides,37,s,NA,2015,bifarius
sra.ind03bif.2015,4408645.899,-300268.1194,IN,2015-07-06,NA,38,s,NA,2015,bifarius
sra.180.2015,4408896.549,-298304.1365,JM03,2015-06-24,Arnica parryi,39,s,NA,2015,bifarius
sra.135.2015,4409313.4,-298359.2971,JM06,2015-06-23,Ivesia sericoleuca,40,s,NA,2015,bifarius
sra.155.2015,4409145.139,-298290.7219,JM02,2015-06-24,Symphyotrichum sp.,41,41,NA,2015,bifarius
sra.239.2015,4409319.031,-298645.4084,JM10,2015-06-26,Ivesia sericoleuca,41,41,NA,2015,bifarius
sra.143.2015,4409296.251,-298350.0936,JM06,2015-06-23,Ivesia sericoleuca,42,s,NA,2015,bifarius
sra.sh20bif.2015,4405913.04,-297843.5013,SH,2015-07-05,Symphyotrichum sp.,43,s,NA,2015,bifarius
sra.sh02bif.2015,4405911.809,-297835.9551,SH,2015-07-03,Symphyotrichum sp.,44,s,NA,2015,bifarius
sra.sh16bif.2015,4405957.363,-297897.9452,SH,2015-07-05,Symphyotrichum sp.,45,s,NA,2015,bifarius
sra.ind12bif.2015,4408638.316,-300252.5177,IN,2015-07-06,NA,46,s,NA,2015,bifarius
sra.sh06bif.2015,4405944.838,-297933.3389,SH,2015-07-03,Symphyotrichum sp.,47,s,NA,2015,bifarius
sra.ind13bif.2015,4408641.91,-300250.313,IN,2015-07-06,NA,49,s,NA,2015,bifarius
sra.159.2015,4409107.591,-298299.4994,JM02,2015-06-24,Symphyotrichum sp.,50,s,NA,2015,bifarius
sra.ind06bif.2015,4408639.054,-300245.5535,IN,2015-07-06,NA,51,s,NA,2015,bifarius
sra.251.2015,4409297.865,-298632.1767,JM10,2015-06-27,Ivesia sericoleuca,52,s,NA,2015,bifarius
sra.208.2015,4409269.57,-297921.6467,JM04,2015-06-26,Phacelia hydrophylloides,53,s,NA,2015,bifarius
sra.252.2015,4409295.264,-298636.3693,JM10,2015-06-27,Ivesia sericoleuca,54,s,NA,2015,bifarius
sra.173.2015,4409101.365,-298299.0994,JM02,2015-06-24,Symphyotrichum sp.,55,55,NA,2015,bifarius
sra.184.2015,4408899.568,-298299.639,JM03,2015-06-24,Arnica parryi,55,55,NA,2015,bifarius
sra.185.2015,4408901.822,-298301.8461,JM03,2015-06-24,Arnica parryi,56,s,NA,2015,bifarius
sra.171.2015,4409099.423,-298287.9688,JM02,2015-06-24,Symphyotrichum sp.,59,s,NA,2015,bifarius
sra.sh09bif.2015,4405920.508,-297841.7685,SH,2015-07-05,Symphyotrichum sp.,60,s,NA,2015,bifarius
sra.ind19bif.2015,4408656.661,-300256.9742,IN,2015-07-06,NA,61,s,NA,2015,bifarius
sra.ind17bif.2015,4408646.179,-300262.1618,IN,2015-07-06,NA,62,s,NA,2015,bifarius
sra.ind07bif.2015,4408640.016,-300246.151,IN,2015-07-06,NA,63,s,NA,2015,bifarius
sra.186.2015,4408903.836,-298298.4989,JM03,2015-06-24,Arnica parryi,64,s,NA,2015,bifarius
sra.226.2015,4409270.294,-297911.286,JM04,2015-06-26,Phacelia hydrophylloides,65,s,NA,2015,bifarius
sra.170.2015,4409120.091,-298305.0888,JM02,2015-06-24,Symphyotrichum sp.,66,s,NA,2015,bifarius
sra.sh10bif.2015,4405904.802,-297852.9877,SH,2015-07-05,Symphyotrichum sp.,67,s,NA,2015,bifarius
sra.ind20bif.2015,4408649.443,-300253.54,IN,2015-07-06,NA,68,s,NA,2015,bifarius
sra.ind10bif.2015,4408640.558,-300279.4854,IN,2015-07-06,NA,69,s,NA,2015,bifarius
sra.191.2015,4408890.151,-298299.9187,JM03,2015-06-24,Arnica parryi,70,s,NA,2015,bifarius
sra.202.2015,4409279.33,-297940.9441,JM04,2015-06-26,Phacelia hydrophylloides,71,s,NA,2015,bifarius
sra.243.2015,4409326.596,-298644.623,JM10,2015-06-26,Ivesia sericoleuca,72,s,NA,2015,bifarius
sra.257.2015,4409297.532,-298632.2114,JM10,2015-06-27,Ivesia sericoleuca,73,s,NA,2015,bifarius
sra.132.2015,4409344.102,-298341.9899,JM06,2015-06-23,Ivesia sericoleuca,74,74,NA,2015,bifarius
sra.272.2015,4409548.948,-298444.5064,JM07,2015-06-27,Symphyotrichum sp.,74,74,NA,2015,bifarius
sra.133.2015,4409336.531,-298347.0468,JM06,2015-06-23,Ivesia sericoleuca,75,s,NA,2015,bifarius
sra.68b.2015,4409543.844,-298398.5771,JM07,2015-06-27,Ivesia sericoleuca,76,s,NA,2015,bifarius
sra.195.2015,4408860.895,-298374.5225,JM03,2015-06-24,Symphyotrichum sp.,77,s,NA,2015,bifarius
sra.190.2015,4408889.425,-298298.3378,JM03,2015-06-24,Arnica parryi,78,s,NA,2015,bifarius
sra.267.2015,4409550.411,-298402.2538,JM07,2015-06-27,Ivesia sericoleuca,79,s,NA,2015,bifarius
sra.224.2015,4409260.119,-297898.8306,JM04,2015-06-26,Phacelia hydrophylloides,80,s,NA,2015,bifarius
sra.244.2015,4409314.89,-298642.3515,JM10,2015-06-26,Ivesia sericoleuca,81,s,NA,2015,bifarius
sra.165.2015,4409101.354,-298287.0711,JM02,2015-06-24,Symphyotrichum sp.,82,s,NA,2015,bifarius
sra.64b.2015,4409550.173,-298398.8791,JM07,2015-06-27,Ivesia sericoleuca,83,s,NA,2015,bifarius
sra.172.2015,4409123.666,-298308.1174,JM02,2015-06-24,Symphyotrichum sp.,84,s,NA,2015,bifarius
sra.241.2015,4409306.357,-298646.8113,JM10,2015-06-26,Ivesia sericoleuca,85,s,NA,2015,bifarius
sra.235.2015,4409281.882,-297952.5341,JM04,2015-06-26,Phacelia hydrophylloides,86,s,NA,2015,bifarius
sra.223.2015,4409264.929,-297913.7602,JM04,2015-06-26,Phacelia hydrophylloides,87,s,NA,2015,bifarius
sra.273.2015,4409554.333,-298444.3833,JM07,2015-06-27,Symphyotrichum sp.,88,s,NA,2015,bifarius
sra.65b.2015,4409530.225,-298389.7922,JM07,2015-06-27,Ivesia sericoleuca,89,s,NA,2015,bifarius
sra.156.2015,4409111.919,-298311.9514,JM02,2015-06-24,Symphyotrichum sp.,90,90,NA,2015,bifarius
sra.225.2015,4409267.08,-297908.4814,JM04,2015-06-26,Phacelia hydrophylloides,90,90,NA,2015,bifarius
sra.179.2015,4408901.342,-298303.7264,JM03,2015-06-24,Arnica parryi,91,s,NA,2015,bifarius
sra.139.2015,4409303.677,-298377.2167,JM06,2015-06-23,Symphyotrichum sp.,92,s,NA,2015,bifarius
sra.144.2015,4409296.251,-298350.0936,JM06,2015-06-23,Ivesia sericoleuca,93,s,NA,2015,bifarius
sra.242.2015,4409291.076,-298651.2741,JM10,2015-06-26,Ivesia sericoleuca,94,s,NA,2015,bifarius
sra.264.2015,4409567.733,-298389.2989,JM07,2015-06-27,Ivesia sericoleuca,95,s,NA,2015,bifarius
sra.66b.2015,4409541.468,-298384.3543,JM07,2015-06-27,Ivesia sericoleuca,96,s,NA,2015,bifarius
sra.128.2015,4409357.156,-298365.9137,JM06,2015-06-23,Ivesia sericoleuca,97,s,NA,2015,bifarius
sra.177.2015,4408859.868,-298359.1997,JM03,2015-06-24,Symphyotrichum sp.,98,s,NA,2015,bifarius
sra.263.2015,4409573.79,-298388.0601,JM07,2015-06-27,Ivesia sericoleuca,99,s,NA,2015,bifarius
sra.166.2015,4409140.451,-298295.3925,JM02,2015-06-24,Symphyotrichum sp.,100,s,NA,2015,bifarius
sra.255.2015,4409310.6,-298642.1867,JM10,2015-06-27,Ivesia sericoleuca,101,101,NA,2015,bifarius
sra.262.2015,4409571.942,-298386.5086,JM07,2015-06-27,Ivesia sericoleuca,101,101,NA,2015,bifarius
sra.245.2015,4409292.614,-298646.5817,JM10,2015-06-26,Ivesia sericoleuca,102,s,NA,2015,bifarius
sra.231.2015,4409290.275,-297926.1239,JM04,2015-06-26,Phacelia hydrophylloides,103,s,NA,2015,bifarius
sra.253.2015,4409300.559,-298633.2047,JM10,2015-06-27,Ivesia sericoleuca,104,s,NA,2015,bifarius
sra.221.2015,4409289.135,-297906.4554,JM04,2015-06-26,Phacelia hydrophylloides,105,s,NA,2015,bifarius
sra.256.2015,4409285.36,-298633.039,JM10,2015-06-27,Ivesia sericoleuca,106,s,NA,2015,bifarius
sra.266.2015,4409576.596,-298408.6012,JM07,2015-06-27,Ivesia sericoleuca,107,s,NA,2015,bifarius
sra.228.2015,4409267.329,-297916.3006,JM04,2015-06-26,Phacelia hydrophylloides,108,108,NA,2015,bifarius
sra.230.2015,4409296.596,-297928.5191,JM04,2015-06-26,Phacelia hydrophylloides,108,108,NA,2015,bifarius
sra.69b.2015,4409538.495,-298376.295,JM07,2015-06-27,Ivesia sericoleuca,109,s,NA,2015,bifarius
sra.222.2015,4409272.229,-297909.342,JM04,2015-06-26,Phacelia hydrophylloides,110,s,NA,2015,bifarius
sra.141.2015,4409356.824,-298352.9603,JM06,2015-06-23,Ivesia sericoleuca,111,s,NA,2015,bifarius
sra.181.2015,4408861.384,-298357.5604,JM03,2015-06-24,Symphyotrichum sp.,112,s,NA,2015,bifarius
sra.130.2015,4409301.586,-298371.1575,JM06,2015-06-23,Ivesia sericoleuca,113,s,NA,2015,bifarius
sra.145.2015,4409314.425,-298355.0938,JM06,2015-06-23,Ivesia sericoleuca,114,s,NA,2015,bifarius
sra.160.2015,4409144.677,-298292.7747,JM02,2015-06-24,Symphyotrichum sp.,115,s,NA,2015,bifarius
sra.137.2015,4409281.398,-298354.3371,JM06,2015-06-23,Ivesia sericoleuca,116,s,NA,2015,bifarius
sra.176.2015,4408868.61,-298345.9141,JM03,2015-06-24,Symphyotrichum sp.,117,s,NA,2015,bifarius
sra.229.2015,4409293.562,-297929.6183,JM04,2015-06-26,Phacelia hydrophylloides,118,s,NA,2015,bifarius
sra.234.2015,4409284.511,-297923.6709,JM04,2015-06-26,Phacelia hydrophylloides,119,s,NA,2015,bifarius
sra.232.2015,4409292.475,-297927.8134,JM04,2015-06-26,Phacelia hydrophylloides,120,s,NA,2015,bifarius
sra.67b.2015,4409531.961,-298381.5929,JM07,2015-06-27,Ivesia sericoleuca,121,s,NA,2015,bifarius
sra.227.2015,4409270.114,-297914.9657,JM04,2015-06-26,Phacelia hydrophylloides,122,s,NA,2015,bifarius
sra.237.2015,4409278.843,-297917.8085,JM04,2015-06-26,Phacelia hydrophylloides,123,123,NA,2015,bifarius
sra.254.2015,4409310.004,-298642.9459,JM10,2015-06-27,Ivesia sericoleuca,123,123,NA,2015,bifarius
sra.233.2015,4409290.138,-297928.0557,JM04,2015-06-26,Phacelia hydrophylloides,124,s,NA,2015,bifarius
sra.265.2015,4409556.385,-298390.4766,JM07,2015-06-27,Ivesia sericoleuca,125,s,NA,2015,bifarius
sra.276.2015,4409568.782,-298441.6633,JM07,2015-06-27,Symphyotrichum sp.,126,s,NA,2015,bifarius
sra.142.2015,4409320.704,-298346.2485,JM06,2015-06-23,Ivesia sericoleuca,127,s,NA,2015,bifarius
sra.182.2015,4408909.939,-298349.7329,JM03,2015-06-24,Symphyotrichum sp.,128,s,NA,2015,bifarius
sra.211.2015,4409277.095,-297929.1471,JM04,2015-06-26,Phacelia hydrophylloides,129,s,NA,2015,bifarius
sra.129.2015,4409357.57,-298366.6553,JM06,2015-06-23,Ivesia sericoleuca,130,s,NA,2015,bifarius
sra.175.2015,4408897.617,-298336.105,JM03,2015-06-24,Symphyotrichum sp.,131,s,NA,2015,bifarius
sra.261.2015,4409575.944,-298389.3183,JM07,2015-06-27,Ivesia sericoleuca,132,s,NA,2015,bifarius
sra.270.2015,4409528.21,-298398.5436,JM07,2015-06-27,Ivesia sericoleuca,133,s,NA,2015,bifarius
sra.258.2015,4409305.096,-298629.2469,JM10,2015-06-27,Ivesia sericoleuca,134,s,NA,2015,bifarius
sra.136.2015,4409308.177,-298363.1515,JM06,2015-06-23,Ivesia sericoleuca,135,s,NA,2015,bifarius
sra.140.2015,4409341.696,-298368.6512,JM06,2015-06-23,Ivesia sericoleuca,136,s,NA,2015,bifarius
sra.158.2015,4409110.049,-298301.5108,JM02,2015-06-24,Symphyotrichum sp.,137,s,NA,2015,bifarius
sra.220.2015,4409309.594,-297915.055,JM04,2015-06-26,Phacelia hydrophylloides,138,s,NA,2015,bifarius
sra.250.2015,4409310.242,-298646.3208,JM10,2015-06-27,Ivesia sericoleuca,139,s,NA,2015,bifarius
sra.174.2015,4409101.634,-298286.5191,JM02,2015-06-24,Symphyotrichum sp.,986,s,NA,2015,bifarius
sra.ind08bif.2015,4408641.141,-300245.0749,IN,2015-07-06,NA,987,s,NA,2015,bifarius
sra.146.2015,4409313.375,-298355.8129,JM06,2015-06-23,Ivesia sericoleuca,988,s,NA,2015,bifarius
sra.246.2015,4409332.733,-298651.7439,JM10,2015-06-26,Ivesia sericoleuca,989,s,NA,2015,bifarius
sra.240.2015,4409313.12,-298644.8016,JM10,2015-06-26,Ivesia sericoleuca,990,s,NA,2015,bifarius
sra.192.2015,4408895.512,-298303.8955,JM03,2015-06-24,Arnica parryi,991,s,NA,2015,bifarius
sra.275.2015,4409591.533,-298442.004,JM07,2015-06-27,Symphyotrichum sp.,992,s,NA,2015,bifarius
sra.271.2015,4409553.033,-298404.7709,JM07,2015-06-27,Ivesia sericoleuca,993,s,NA,2015,bifarius
sra.ind16bif.2015,4408646.111,-300255.0199,IN,2015-07-06,NA,994,s,NA,2015,bifarius
sra.268.2015,4409547.015,-298403.1292,JM07,2015-06-27,Ivesia sericoleuca,995,s,NA,2015,bifarius
sra.249.2015,4409320.973,-298648.955,JM10,2015-06-27,Ivesia sericoleuca,996,s,NA,2015,bifarius
sra.ind18bif.2015,4408656.661,-300256.9742,IN,2015-07-06,NA,997,s,NA,2015,bifarius
sra.247.2015,4409324.363,-298646.9468,JM10,2015-06-26,Ivesia sericoleuca,998,s,NA,2015,bifarius
sra.ind09bif.2015,4408642.261,-300272.0721,IN,2015-07-06,NA,999,s,NA,2015,bifarius
sra.637.2018,4371785.593508719,734590.1128965255,mdw_north,2018-07-02,Ivesia sericoleuca,1,s,NA,2018,bifarius
sra.621.2018,4372027.594287391,734821.5945980264,forest_north,2018-07-02,Phacelia hydrophylloides,2,2,NA,2018,bifarius
sra.512.2018,4372034.088445914,734852.5728767234,forest_north,2018-06-27,Phacelia hydrophylloides,2,2,NA,2018,bifarius
sra.628.2018,4371790.6446305355,734577.127898608,mdw_north,2018-07-02,Ivesia sericoleuca,2,2,NA,2018,bifarius
sra.626.2018,4371830.372145952,734579.1979156929,mdw_north,2018-07-02,Ivesia sericoleuca,3,s,NA,2018,bifarius
sra.631.2018,4371801.365167217,734575.253198475,mdw_north,2018-07-02,Ivesia sericoleuca,4,s,NA,2018,bifarius
sra.638.2018,4371784.058680124,734594.4654335396,mdw_north,2018-07-02,Ivesia sericoleuca,5,s,NA,2018,bifarius
sra.611.2018,4372030.45885467,734861.1225528178,forest_north,2018-07-02,Phacelia hydrophylloides,6,s,NA,2018,bifarius
sra.622.2018,4372028.63621414,734800.9805732958,forest_north,2018-07-02,Monardella odoratissima,7,s,NA,2018,bifarius
sra.607.2018,4372043.647597266,734918.6808695837,forest_north,2018-07-02,Monardella odoratissima,8,s,NA,2018,bifarius
sra.618.2018,4372041.849452448,734855.6962911645,forest_north,2018-07-02,Phacelia hydrophylloides,9,s,NA,2018,bifarius
sra.668.2018,4371599.851679947,734631.3907609219,mdw_south,2018-07-12,Ivesia sericoleuca,10,10,NA,2018,bifarius
sra.632.2018,4371821.42829868,734573.6985459635,mdw_north,2018-07-02,Ivesia sericoleuca,10,10,NA,2018,bifarius
sra.636.2018,4371787.035567952,734586.3660198676,mdw_north,2018-07-02,Ivesia sericoleuca,11,s,NA,2018,bifarius
sra.620.2018,4372018.907634694,734839.2539132534,forest_north,2018-07-02,Phacelia hydrophylloides,12,12,NA,2018,bifarius
sra.449.2018,4372049.283458263,734870.0250630338,forest_north,2018-06-25,Phacelia hydrophylloides,12,12,NA,2018,bifarius
sra.586.2018,4371698.849285077,734627.7906511672,mdw_north,2018-07-02,Ivesia sericoleuca,12,12,NA,2018,bifarius
sra.624.2018,4371827.0237841625,734578.6964277021,mdw_north,2018-07-02,Ivesia sericoleuca,12,12,NA,2018,bifarius
sra.639.2018,4371826.680352838,734578.3623397576,mdw_north,2018-07-02,Ivesia sericoleuca,13,s,NA,2018,bifarius
sra.629.2018,4371808.78100045,734581.6600500213,mdw_north,2018-07-02,Ivesia sericoleuca,14,s,NA,2018,bifarius
sra.490.2018,4372042.4763623355,734854.3855061762,forest_north,2018-06-25,Phacelia hydrophylloides,15,s,NA,2018,bifarius
sra.691.2018,4371450.382986934,734597.3318754702,mdw_south,2018-07-12,Ivesia sericoleuca,16,16,NA,2018,bifarius
sra.627.2018,4371817.381043454,734575.8018433393,mdw_north,2018-07-02,Ivesia sericoleuca,16,16,NA,2018,bifarius
sra.630.2018,4371802.37561629,734579.2703113003,mdw_north,2018-07-02,Ivesia sericoleuca,17,s,NA,2018,bifarius
sra.444.2018,4371760.124834361,734611.2947452546,mdw_north,2018-06-25,Penstemon rydbergii,18,s,NA,2018,bifarius
sra.634.2018,4371788.398267508,734594.6785480245,mdw_north,2018-07-02,Ivesia sericoleuca,19,s,NA,2018,bifarius
sra.438.2018,4371653.500193839,734619.862363406,mdw_south,2018-06-25,Penstemon rydbergii,20,s,NA,2018,bifarius
sra.475.2018,4372044.029083491,734883.6188826283,forest_north,2018-06-25,Monardella odoratissima,21,s,NA,2018,bifarius
sra.439.2018,4371652.601739557,734619.5450719907,mdw_south,2018-06-25,Penstemon rydbergii,22,s,NA,2018,bifarius
sra.681.2018,4371608.0399269955,735066.5844643951,forest_south,2018-07-12,Monardella odoratissima,23,23,NA,2018,bifarius
sra.460.2018,4372065.323860761,734823.7237306127,forest_north,2018-06-25,Monardella odoratissima,23,23,NA,2018,bifarius
sra.440.2018,4371635.839506058,734627.3730118996,mdw_south,2018-06-25,Penstemon rydbergii,24,s,NA,2018,bifarius
sra.489.2018,4372044.141428431,734854.3350400743,forest_north,2018-06-25,Phacelia hydrophylloides,25,s,NA,2018,bifarius
sra.455.2018,4372043.952815805,734895.7639677102,forest_north,2018-06-25,Monardella odoratissima,26,s,NA,2018,bifarius
sra.445.2018,4371811.112987838,734555.9253517534,mdw_north,2018-06-25,Penstemon rydbergii,27,s,NA,2018,bifarius
sra.458.2018,4372087.616827772,734862.7487321484,forest_north,2018-06-25,Monardella odoratissima,28,s,NA,2018,bifarius
sra.462.2018,4372070.479604748,734825.2037387427,forest_north,2018-06-25,Phacelia hydrophylloides,29,s,NA,2018,bifarius
sra.480.2018,4372061.600869911,734873.1825798636,forest_north,2018-06-25,Phacelia hydrophylloides,30,s,NA,2018,bifarius
sra.483.2018,4372094.051688601,734851.4444203638,forest_north,2018-06-25,Monardella odoratissima,31,s,NA,2018,bifarius
sra.481.2018,4372062.821918451,734873.1455682025,forest_north,2018-06-25,Phacelia hydrophylloides,32,s,NA,2018,bifarius
sra.446.2018,4371736.806309569,734593.3983477538,mdw_north,2018-06-25,Penstemon rydbergii,33,s,NA,2018,bifarius
sra.450.2018,4372091.47138183,734846.9583521229,forest_north,2018-06-25,Monardella odoratissima,34,s,NA,2018,bifarius
sra.484.2018,4372088.079024241,734837.674261363,forest_north,2018-06-25,Monardella odoratissima,35,s,NA,2018,bifarius
sra.470.2018,4371751.505378865,734583.4799719258,mdw_north,2018-06-25,Penstemon rydbergii,36,s,NA,2018,bifarius
sra.487.2018,4372042.57432794,734853.9519422972,forest_north,2018-06-25,Phacelia hydrophylloides,37,s,NA,2018,bifarius
sra.665.2018,4371594.116832942,734654.8177727988,mdw_south,2018-07-12,Ivesia sericoleuca,38,38,NA,2018,bifarius
sra.466.2018,4371637.978257029,734631.9589100105,mdw_south,2018-06-25,Penstemon rydbergii,38,38,NA,2018,bifarius
sra.501.2018,4372092.162358974,734844.0955034618,forest_north,2018-06-27,Monardella odoratissima,39,s,NA,2018,bifarius
sra.486.2018,4372049.472247721,734854.2595882581,forest_north,2018-06-25,Phacelia hydrophylloides,40,s,NA,2018,bifarius
sra.469.2018,4371828.394536018,734568.9232632838,mdw_north,2018-06-25,Ivesia sericoleuca,41,s,NA,2018,bifarius
sra.488.2018,4372041.839021347,734855.3521315492,forest_north,2018-06-25,Phacelia hydrophylloides,42,s,NA,2018,bifarius
sra.478.2018,4372046.085686288,734889.1542722909,forest_north,2018-06-25,Monardella odoratissima,43,s,NA,2018,bifarius
sra.510.2018,4372029.587942513,734858.0486627612,forest_north,2018-06-27,Phacelia hydrophylloides,44,s,NA,2018,bifarius
sra.498.2018,4372085.589275775,734850.8397219126,forest_north,2018-06-27,Monardella odoratissima,45,s,NA,2018,bifarius
sra.514.2018,4371698.957684314,734627.7012467769,mdw_north,2018-06-27,Unknown yellow composite,46,s,NA,2018,bifarius
sra.492.2018,4372041.5035280995,734880.9396313496,forest_north,2018-06-25,Monardella odoratissima,47,s,NA,2018,bifarius
sra.477.2018,4372041.184904627,734852.0994370888,forest_north,2018-06-25,Phacelia hydrophylloides,48,s,NA,2018,bifarius
sra.459.2018,4372090.413847765,734841.3927087145,forest_north,2018-06-25,Monardella odoratissima,49,s,NA,2018,bifarius
sra.432.2018,4371756.747228099,734617.1671628337,mdw_north,2018-06-25,Penstemon rydbergii,50,s,NA,2018,bifarius
sra.516.2018,4371702.780313737,734625.5185737588,mdw_north,2018-06-27,Unknown yellow composite,51,s,NA,2018,bifarius
sra.503.2018,4372037.006194732,734820.5343050519,forest_north,2018-06-27,Phacelia hydrophylloides,52,s,NA,2018,bifarius
sra.454.2018,4372037.410754847,734852.2138256996,forest_north,2018-06-25,Phacelia hydrophylloides,53,s,NA,2018,bifarius
sra.442.2018,4371704.607807378,734652.8501747407,mdw_north,2018-06-25,Penstemon rydbergii,54,s,NA,2018,bifarius
sra.451.2018,4372092.059177587,734844.3569857958,forest_north,2018-06-25,Monardella odoratissima,55,s,NA,2018,bifarius
sra.463.2018,4372037.250986149,734861.6056384689,forest_north,2018-06-25,In Flight,56,s,NA,2018,bifarius
sra.641.2018,4371807.0674424395,734583.7788310267,mdw_north,2018-07-02,Ivesia sericoleuca,57,s,NA,2018,bifarius
sra.625.2018,4371833.368648503,734586.4274869673,mdw_north,2018-07-02,Ivesia sericoleuca,58,s,NA,2018,bifarius
sra.610.2018,4372031.720496429,734858.7590984559,forest_north,2018-07-02,Phacelia hydrophylloides,59,s,NA,2018,bifarius
sra.603.2018,4371845.593755739,734582.8709362862,mdw_north,2018-07-02,Ivesia sericoleuca,60,s,NA,2018,bifarius
sra.600.2018,4371841.791848379,734556.3746929488,mdw_north,2018-07-02,Ivesia sericoleuca,61,s,NA,2018,bifarius
sra.574.2018,4372040.491072837,734920.8434228925,forest_north,2018-07-02,Monardella odoratissima,63,s,NA,2018,bifarius
sra.722.2018,4371580.398132877,735085.6812439103,forest_south,2018-07-12,Monardella odoratissima,64,64,NA,2018,bifarius
sra.592.2018,4371828.257854664,734579.0896759024,mdw_north,2018-07-02,Ivesia sericoleuca,64,64,NA,2018,bifarius
sra.577.2018,4372064.734747218,734881.2688655705,forest_north,2018-07-02,Monardella odoratissima,65,s,NA,2018,bifarius
sra.613.2018,4372030.195120674,734859.7526412341,forest_north,2018-07-02,Phacelia hydrophylloides,66,s,NA,2018,bifarius
sra.591.2018,4371829.490315047,734583.1000535237,mdw_north,2018-07-02,Ivesia sericoleuca,68,s,NA,2018,bifarius
sra.605.2018,4371840.215066216,734577.6942662406,mdw_north,2018-07-02,Ivesia sericoleuca,69,s,NA,2018,bifarius
sra.609.2018,4372038.768198131,734867.6741003848,forest_north,2018-07-02,Phacelia hydrophylloides,70,s,NA,2018,bifarius
sra.724.2018,4371572.104603826,735065.0045915269,forest_south,2018-07-12,Monardella odoratissima,72,72,NA,2018,bifarius
sra.583.2018,4372055.3931211205,734858.9889047323,forest_north,2018-07-02,Monardella odoratissima,72,72,NA,2018,bifarius
sra.552.2018,4373878.124728592,733482.0462028835,crk.x,2018-07-01,Phacelia hydrophylloides,73,s,NA,2018,bifarius
sra.749.2018,4373827.018248423,733360.4675968715,crk.x,2018-07-21,Monardella odoratissima,74,s,NA,2018,bifarius
sra.767.2018,4373833.035267866,733335.2319540959,crk.x,2018-07-21,Monardella odoratissima,75,s,NA,2018,bifarius
sra.757.2018,4373816.680903774,733330.8171540803,crk.x,2018-07-21,Monardella odoratissima,76,76,NA,2018,bifarius
sra.760.2018,4373841.203477337,733359.265272533,crk.x,2018-07-21,Monardella odoratissima,76,76,NA,2018,bifarius
sra.759.2018,4373818.317460157,733329.8207731382,crk.x,2018-07-21,Monardella odoratissima,77,s,NA,2018,bifarius
sra.647.2018,4368465.319003616,735521.7670706774,sh,2018-07-11,Angelica capitellata,78,78,NA,2018,bifarius
sra.739.2018,4368529.718391065,735381.2690221975,sh,2018-07-20,Angelica capitellata,78,78,NA,2018,bifarius
sra.777.2018,4373838.253523775,734662.5345296322,north_east,2018-07-26,Phacelia hydrophylloides,79,79,NA,2018,bifarius
sra.789.2018,4373864.865960744,734660.7810488841,north_east,2018-07-26,Phacelia hydrophylloides,79,79,NA,2018,bifarius
sra.787.2018,4373886.497754872,734655.9928546773,north_east,2018-07-26,Monardella odoratissima,79,79,NA,2018,bifarius
sra.468.2018,4371801.119097917,734581.8058645859,mdw_north,2018-06-25,Ivesia sericoleuca,80,s,NA,2018,bifarius
sra.734.2018,4368528.087289889,735389.7620413044,sh,2018-07-20,Angelica capitellata,81,s,NA,2018,bifarius
sra.753.2018,4373823.501944466,733358.0767281071,crk.x,2018-07-21,Phacelia hydrophylloides,82,s,NA,2018,bifarius
sra.791.2018,4373842.918324264,734662.4792782324,north_east,2018-07-26,Phacelia hydrophylloides,83,83,NA,2018,bifarius
sra.770.2018,4373868.237189183,734651.035864864,north_east,2018-07-21,Monardella odoratissima,83,83,NA,2018,bifarius
sra.774.2018,4373847.008326119,734665.4548995639,north_east,2018-07-26,Monardella odoratissima,84,84,NA,2018,bifarius
sra.771.2018,4373870.401011816,734652.7783681995,north_east,2018-07-21,Monardella odoratissima,84,84,NA,2018,bifarius
sra.740.2018,4368528.917856163,735380.5178866424,sh,2018-07-20,Angelica capitellata,85,s,NA,2018,bifarius
sra.643.2018,4368467.795066751,735522.8119677628,sh,2018-07-11,Angelica capitellata,86,86,NA,2018,bifarius
sra.727.2018,4368483.2077931855,735587.6526593228,sh,2018-07-20,Angelica capitellata,86,86,NA,2018,bifarius
sra.728.2018,4368520.345798163,735412.9151195578,sh,2018-07-20,Angelica capitellata,86,86,NA,2018,bifarius
sra.680.2018,4371542.508543855,735052.6390726487,forest_south,2018-07-12,Monardella odoratissima,87,87,NA,2018,bifarius
sra.715.2018,4371615.46714594,735113.6412233933,forest_south,2018-07-12,Monardella odoratissima,87,87,NA,2018,bifarius
sra.711.2018,4371606.13671179,735033.1399595255,forest_south,2018-07-12,Monardella odoratissima,88,88,NA,2018,bifarius
sra.682.2018,4371607.928922608,735066.5878313698,forest_south,2018-07-12,Monardella odoratissima,88,88,NA,2018,bifarius
sra.656.2018,4371583.612647138,734645.4899627613,mdw_south,2018-07-12,Ivesia sericoleuca,89,s,NA,2018,bifarius
sra.465.2018,4371757.62803624,734609.561777185,mdw_north,2018-06-25,Penstemon rydbergii,90,s,NA,2018,bifarius
sra.447.2018,4372028.9587737145,734851.9532773192,forest_north,2018-06-25,Phacelia hydrophylloides,91,s,NA,2018,bifarius
sra.752.2018,4373825.174785821,733358.2846127393,crk.x,2018-07-21,Monardella odoratissima,92,s,NA,2018,bifarius
sra.729.2018,4368523.355968012,735413.254563855,sh,2018-07-20,Angelica capitellata,93,s,NA,2018,bifarius
sra.731.2018,4368523.57924446,735402.3056564106,sh,2018-07-20,Angelica capitellata,94,s,NA,2018,bifarius
sra.730.2018,4368524.9243771145,735410.0191031357,sh,2018-07-20,Angelica capitellata,95,s,NA,2018,bifarius
sra.745.2018,4368520.584723066,735373.1887850103,sh,2018-07-20,Angelica capitellata,96,s,NA,2018,bifarius
sra.726.2018,4368483.2077931855,735587.6526593228,sh,2018-07-20,Angelica capitellata,97,s,NA,2018,bifarius
sra.697.2018,4371558.44324106,734665.5438139236,mdw_south,2018-07-12,Ivesia sericoleuca,98,s,NA,2018,bifarius
sra.437.2018,4371661.090166131,734621.0105447777,mdw_south,2018-06-25,Penstemon rydbergii,99,s,NA,2018,bifarius
sra.505.2018,4372037.479686516,734858.1539468152,forest_north,2018-06-27,Phacelia hydrophylloides,100,s,NA,2018,bifarius
sra.735.2018,4368525.363118533,735387.8630576555,sh,2018-07-20,Angelica capitellata,101,s,NA,2018,bifarius
sra.738.2018,4368528.358918884,735384.0673420181,sh,2018-07-20,Angelica capitellata,102,s,NA,2018,bifarius
sra.758.2018,4373818.433647914,733329.9894674693,crk.x,2018-07-21,Monardella odoratissima,103,s,NA,2018,bifarius
sra.733.2018,4368528.438585689,735390.3544908059,sh,2018-07-20,Angelica capitellata,104,s,NA,2018,bifarius
sra.768.2018,4373835.090809013,733340.7663460879,crk.x,2018-07-21,Monardella odoratissima,105,s,NA,2018,bifarius
sra.765.2018,4373825.478317063,733327.7969756861,crk.x,2018-07-21,Monardella odoratissima,106,106,NA,2018,bifarius
sra.764.2018,4373826.35080174,733327.2541040783,crk.x,2018-07-21,Monardella odoratissima,106,106,NA,2018,bifarius
sra.666.2018,4371598.526301784,734646.3302697258,mdw_south,2018-07-12,Ivesia sericoleuca,107,s,NA,2018,bifarius
sra.434.2018,4371745.598488771,734601.2276497337,mdw_north,2018-06-25,Penstemon rydbergii,108,s,NA,2018,bifarius
sra.495.2018,4372037.715083021,734851.2572931703,forest_north,2018-06-27,Phacelia hydrophylloides,109,109,NA,2018,bifarius
sra.655.2018,4371583.169650729,734649.2066978766,mdw_south,2018-07-12,Ivesia sericoleuca,109,109,NA,2018,bifarius
sra.754.2018,4373823.473432293,733357.1305150882,crk.x,2018-07-21,Monardella odoratissima,110,s,NA,2018,bifarius
sra.751.2018,4373824.60421193,733357.7852211109,crk.x,2018-07-21,Monardella odoratissima,111,s,NA,2018,bifarius
sra.648.2018,4368518.230177156,735409.1021852365,sh,2018-07-11,Angelica capitellata,112,112,NA,2018,bifarius
sra.732.2018,4368524.196955138,735404.354715977,sh,2018-07-20,Angelica capitellata,112,112,NA,2018,bifarius
sra.746.2018,4368518.426023232,735371.6172709437,sh,2018-07-20,Angelica capitellata,113,113,NA,2018,bifarius
sra.736.2018,4368525.363118533,735387.8630576555,sh,2018-07-20,Angelica capitellata,113,113,NA,2018,bifarius
sra.743.2018,4368532.451717531,735365.1606274965,sh,2018-07-20,Angelica capitellata,114,s,NA,2018,bifarius
sra.750.2018,4373826.393241676,733358.161799521,crk.x,2018-07-21,Monardella odoratissima,115,s,NA,2018,bifarius
sra.780.2018,4373852.837290034,734656.1518122619,north_east,2018-07-26,Phacelia hydrophylloides,116,s,NA,2018,bifarius
sra.702.2018,4371557.367618595,734659.3754498124,mdw_south,2018-07-12,Ivesia sericoleuca,117,s,NA,2018,bifarius
sra.675.2018,4371586.375480377,735081.27983808,forest_south,2018-07-12,Monardella odoratissima,118,s,NA,2018,bifarius
sra.748.2018,4373846.2697601365,733390.9685867876,crk.x,2018-07-21,Monardella odoratissima,119,s,NA,2018,bifarius
sra.756.2018,4373822.489945204,733357.6767352627,crk.x,2018-07-21,Monardella odoratissima,120,s,NA,2018,bifarius
sra.651.2018,4368312.09056504,735711.5792391535,sh,2018-07-11,Angelica capitellata,121,121,NA,2018,bifarius
sra.744.2018,4368520.964756748,735367.4046345529,sh,2018-07-20,Angelica capitellata,121,121,NA,2018,bifarius
sra.781.2018,4373835.733226901,734660.0279325289,north_east,2018-07-26,Phacelia hydrophylloides,122,122,NA,2018,bifarius
sra.794.2018,4373849.011004,734654.5457774983,north_east,2018-07-26,Monardella odoratissima,122,122,NA,2018,bifarius
sra.654.2018,4371570.747031904,734657.2478566023,mdw_south,2018-07-12,Ivesia sericoleuca,123,s,NA,2018,bifarius
sra.467.2018,4371732.892308294,734610.9134901855,mdw_north,2018-06-25,Penstemon rydbergii,124,s,NA,2018,bifarius
sra.762.2018,4373840.892888515,733352.6451413672,crk.x,2018-07-21,Monardella odoratissima,125,s,NA,2018,bifarius
sra.747.2018,4368521.940273862,735381.2465546336,sh,2018-07-20,Angelica capitellata,126,s,NA,2018,bifarius
sra.755.2018,4373823.25142359,733357.1372048476,crk.x,2018-07-21,Monardella odoratissima,127,s,NA,2018,bifarius
sra.793.2018,4373853.767030476,734657.5012188483,north_east,2018-07-26,Phacelia hydrophylloides,128,128,NA,2018,bifarius
sra.786.2018,4373865.024960119,734666.0282415486,north_east,2018-07-26,Monardella odoratissima,128,128,NA,2018,bifarius
sra.772.2018,4373864.729350477,734652.605828072,north_east,2018-07-21,Monardella odoratissima,128,128,NA,2018,bifarius
sra.773.2018,4373868.572348717,734658.4301791319,north_east,2018-07-26,Monardella odoratissima,128,128,NA,2018,bifarius
sra.696.2018,4371577.783568649,734654.7955787781,mdw_south,2018-07-12,Ivesia sericoleuca,129,s,NA,2018,bifarius
sra.671.2018,4371612.245044269,735066.026295396,forest_south,2018-07-12,Monardella odoratissima,130,s,NA,2018,bifarius
sra.657.2018,4371582.328056955,734639.7585635812,mdw_south,2018-07-12,Ivesia sericoleuca,131,s,NA,2018,bifarius
sra.742.2018,4368540.919363473,735365.9376137417,sh,2018-07-20,Angelica capitellata,132,s,NA,2018,bifarius
sra.766.2018,4373812.770358557,733355.9032725178,crk.x,2018-07-21,Monardella odoratissima,133,s,NA,2018,bifarius
sra.761.2018,4373841.856090859,733355.1129383254,crk.x,2018-07-21,Monardella odoratissima,134,s,NA,2018,bifarius
sra.769.2018,4373836.977882974,733340.7094868936,crk.x,2018-07-21,Monardella odoratissima,135,s,NA,2018,bifarius
sra.741.2018,4368533.172577757,735374.2715431196,sh,2018-07-20,Angelica capitellata,136,s,NA,2018,bifarius
sra.737.2018,4368528.625329274,735385.5239517416,sh,2018-07-20,Angelica capitellata,137,s,NA,2018,bifarius
sra.701.2018,4371560.14635835,734663.0807705928,mdw_south,2018-07-12,Ivesia sericoleuca,138,s,NA,2018,bifarius
sra.704.2018,4371592.652030941,734632.125477268,mdw_south,2018-07-12,Ivesia sericoleuca,139,s,NA,2018,bifarius
sra.472.2018,4372043.282078631,734855.3083940907,forest_north,2018-06-25,Phacelia hydrophylloides,140,s,NA,2018,bifarius
sra.560.2018,4373858.624405938,733446.9898836939,crk.x,2018-07-01,Phacelia hydrophylloides,141,s,NA,2018,bifarius
sra.646.2018,4368462.528222207,735521.3348429519,sh,2018-07-11,Angelica capitellata,142,s,NA,2018,bifarius
sra.568.2018,4373855.796265504,733474.7984464203,crk.x,2018-07-01,Phacelia hydrophylloides,143,s,NA,2018,bifarius
sra.644.2018,4368465.640191445,735517.707832774,sh,2018-07-11,Angelica capitellata,144,s,NA,2018,bifarius
sra.784.2018,4373835.231410282,734665.4673664952,north_east,2018-07-26,Phacelia hydrophylloides,145,145,NA,2018,bifarius
sra.776.2018,4373839.3713895315,734662.7589531528,north_east,2018-07-26,Phacelia hydrophylloides,145,145,NA,2018,bifarius
sra.713.2018,4371591.384957334,735085.2618439158,forest_south,2018-07-12,Monardella odoratissima,146,s,NA,2018,bifarius
sra.670.2018,4371607.87933461,735064.9529796279,forest_south,2018-07-12,Monardella odoratissima,147,s,NA,2018,bifarius
sra.650.2018,4368523.984063962,735393.6775218905,sh,2018-07-11,Angelica capitellata,148,s,NA,2018,bifarius
sra.562.2018,4373841.754470596,733429.1596856245,crk.x,2018-07-01,Phacelia hydrophylloides,149,s,NA,2018,bifarius
sra.723.2018,4371574.807533581,735080.8556156883,forest_south,2018-07-12,Monardella odoratissima,150,s,NA,2018,bifarius
sra.694.2018,4371572.707610863,734652.2794303729,mdw_south,2018-07-12,Ivesia sericoleuca,151,s,NA,2018,bifarius
sra.692.2018,4371476.81942673,734622.7997425057,mdw_south,2018-07-12,Ivesia sericoleuca,152,s,NA,2018,bifarius
sra.679.2018,4371541.583972909,735051.4613684663,forest_south,2018-07-12,Monardella odoratissima,153,s,NA,2018,bifarius
sra.658.2018,4371578.611681069,734652.7896565833,mdw_south,2018-07-12,Ivesia sericoleuca,154,s,NA,2018,bifarius
sra.554.2018,4373853.73652229,733458.0715781657,crk.x,2018-07-01,Phacelia hydrophylloides,155,s,NA,2018,bifarius
sra.557.2018,4373835.432407218,733429.5224421371,crk.x,2018-07-01,Phacelia hydrophylloides,156,s,NA,2018,bifarius
sra.559.2018,4373858.644555488,733462.4006740428,crk.x,2018-07-01,Phacelia hydrophylloides,157,s,NA,2018,bifarius
sra.551.2018,4373870.844595988,733498.5380472097,crk.x,2018-07-01,Phacelia hydrophylloides,158,s,NA,2018,bifarius
sra.710.2018,4371615.050986378,735033.9892213077,forest_south,2018-07-12,Monardella odoratissima,159,s,NA,2018,bifarius
sra.707.2018,4371600.342697466,735069.2294100549,forest_south,2018-07-12,Monardella odoratissima,160,s,NA,2018,bifarius
sra.690.2018,4371452.685810126,734607.3388137828,mdw_south,2018-07-12,Ivesia sericoleuca,161,s,NA,2018,bifarius
sra.705.2018,4371592.520186112,734631.4404797386,mdw_south,2018-07-12,Ivesia sericoleuca,162,s,NA,2018,bifarius
sra.558.2018,4373860.196023587,733462.2678050662,crk.x,2018-07-01,Phacelia hydrophylloides,163,s,NA,2018,bifarius
sra.566.2018,4373834.399661316,733428.434304875,crk.x,2018-07-01,Phacelia hydrophylloides,164,164,NA,2018,bifarius
sra.555.2018,4373851.631543173,733469.3276819474,crk.x,2018-07-01,Phacelia hydrophylloides,164,164,NA,2018,bifarius
sra.549.2018,4373871.066604763,733498.531353296,crk.x,2018-07-01,Phacelia hydrophylloides,165,s,NA,2018,bifarius
sra.563.2018,4373841.424050311,733429.2557426204,crk.x,2018-07-01,Phacelia hydrophylloides,166,s,NA,2018,bifarius
sra.720.2018,4371584.772907551,735090.7159954073,forest_south,2018-07-12,Monardella odoratissima,167,s,NA,2018,bifarius
sra.698.2018,4371569.703702591,734655.8153404354,mdw_south,2018-07-12,Ivesia sericoleuca,168,s,NA,2018,bifarius
sra.688.2018,4371588.518494582,735082.3344476663,forest_south,2018-07-12,Monardella odoratissima,169,s,NA,2018,bifarius
sra.677.2018,4371584.935033382,735081.4096562675,forest_south,2018-07-12,Monardella odoratissima,170,s,NA,2018,bifarius
sra.667.2018,4371600.231584182,734632.9294832838,mdw_south,2018-07-12,Ivesia sericoleuca,171,s,NA,2018,bifarius
sra.649.2018,4368527.3742506625,735388.2328253499,sh,2018-07-11,Angelica capitellata,172,s,NA,2018,bifarius
sra.652.2018,4368323.77015148,735726.6472134488,sh,2018-07-11,Angelica capitellata,173,s,NA,2018,bifarius
sra.564.2018,4373834.123390902,733408.2097377802,crk.x,2018-07-01,Phacelia hydrophylloides,174,s,NA,2018,bifarius
sra.561.2018,4373841.062516231,733428.3195691596,crk.x,2018-07-01,Phacelia hydrophylloides,175,s,NA,2018,bifarius
sra.792.2018,4373922.65327685,734551.1494210105,north_east,2018-07-26,Monardella odoratissima,176,s,NA,2018,bifarius
sra.712.2018,4371606.126273672,735032.7957801988,forest_south,2018-07-12,Monardella odoratissima,177,s,NA,2018,bifarius
sra.699.2018,4371570.25351345,734655.6264450876,mdw_south,2018-07-12,Ivesia sericoleuca,178,s,NA,2018,bifarius
sra.673.2018,4371590.984081812,735083.0347749314,forest_south,2018-07-12,Monardella odoratissima,179,s,NA,2018,bifarius
sra.659.2018,4371569.099653951,734665.2211403403,mdw_south,2018-07-12,Ivesia sericoleuca,180,s,NA,2018,bifarius
sra.642.2018,4368467.490937742,735531.0924918589,sh,2018-07-11,Angelica capitellata,181,s,NA,2018,bifarius
sra.714.2018,4371595.541566947,735094.0926688642,forest_south,2018-07-12,Monardella odoratissima,182,s,NA,2018,bifarius
sra.695.2018,4371576.989326184,734657.9200860236,mdw_south,2018-07-12,Ivesia sericoleuca,183,s,NA,2018,bifarius
sra.674.2018,4371582.80506958,735080.7852714178,forest_south,2018-07-12,Monardella odoratissima,184,s,NA,2018,bifarius
sra.687.2018,4371587.828977666,735081.5802452066,forest_south,2018-07-12,Monardella odoratissima,185,s,NA,2018,bifarius
sra.653.2018,4371570.1409291355,734659.2470590958,mdw_south,2018-07-12,Ivesia sericoleuca,186,s,NA,2018,bifarius
sra.645.2018,4368464.596728313,735516.2748037496,sh,2018-07-11,Angelica capitellata,187,s,NA,2018,bifarius
sra.788.2018,4373866.997432104,734657.7891129265,north_east,2018-07-26,Phacelia hydrophylloides,188,s,NA,2018,bifarius
sra.716.2018,4371614.327021338,735116.3456558584,forest_south,2018-07-12,Monardella odoratissima,189,s,NA,2018,bifarius
sra.708.2018,4371604.828629443,735066.9402412272,forest_south,2018-07-12,Monardella odoratissima,190,s,NA,2018,bifarius
sra.700.2018,4371578.271876339,734656.2448988045,mdw_south,2018-07-12,Ivesia sericoleuca,191,191,NA,2018,bifarius
sra.703.2018,4371587.72095074,734630.7245426249,mdw_south,2018-07-12,Ivesia sericoleuca,191,191,NA,2018,bifarius
sra.686.2018,4371588.30047817,735078.809967671,forest_south,2018-07-12,Monardella odoratissima,192,s,NA,2018,bifarius
sra.684.2018,4371613.6919334615,735069.7718614342,forest_south,2018-07-12,Monardella odoratissima,193,s,NA,2018,bifarius
sra.663.2018,4371580.575333458,734658.9311151725,mdw_south,2018-07-12,Ivesia sericoleuca,194,s,NA,2018,bifarius
sra.567.2018,4373852.675748489,733459.7394044846,crk.x,2018-07-01,Phacelia hydrophylloides,195,s,NA,2018,bifarius
sra.553.2018,4373871.095198364,733462.6280061163,crk.x,2018-07-01,Phacelia hydrophylloides,196,s,NA,2018,bifarius
sra.550.2018,4373870.844595988,733498.5380472097,crk.x,2018-07-01,Phacelia hydrophylloides,197,s,NA,2018,bifarius
sra.799.2018,4373845.216612858,734664.992599316,north_east,2018-07-26,Phacelia hydrophylloides,198,s,NA,2018,bifarius
sra.775.2018,4373841.023426178,734662.2784000168,north_east,2018-07-26,Phacelia hydrophylloides,199,s,NA,2018,bifarius
sra.717.2018,4371614.815416889,735117.7949462992,forest_south,2018-07-12,Monardella odoratissima,200,s,NA,2018,bifarius
sra.719.2018,4371572.682223637,735109.6856384677,forest_south,2018-07-12,Monardella odoratissima,201,s,NA,2018,bifarius
sra.683.2018,4371611.8662745,735068.1908829198,forest_south,2018-07-12,Monardella odoratissima,202,s,NA,2018,bifarius
sra.660.2018,4371575.022513016,734659.013125538,mdw_south,2018-07-12,Ivesia sericoleuca,203,s,NA,2018,bifarius
sra.685.2018,4371621.037880211,735066.5347065739,forest_south,2018-07-12,Monardella odoratissima,204,s,NA,2018,bifarius
sra.515.2018,4371716.097214194,734621.3260111122,mdw_north,2018-06-27,Ivesia sericoleuca,994,s,NA,2018,bifarius
sra.571.2018,4372048.007200081,734849.9119297346,forest_north,2018-07-02,Phacelia hydrophylloides,995,s,NA,2018,bifarius
sra.580.2018,4372094.581715407,734828.6069956273,forest_north,2018-07-02,Monardella odoratissima,996,s,NA,2018,bifarius
sra.597.2018,4371834.749808638,734576.9984965774,mdw_north,2018-07-02,Ivesia sericoleuca,997,s,NA,2018,bifarius
sra.436.2018,4371738.410093682,734624.3537221486,mdw_north,2018-06-25,Penstemon rydbergii,998,s,NA,2018,bifarius
sra.601.2018,4371843.596565403,734557.2673957098,mdw_north,2018-07-02,Ivesia sericoleuca,999,s,NA,2018,bifarius
